{
  "frame_id": 20,
  "task_prompt": "Identify vehicles and areas where you would most likely find a truck",
  "scene_summary": "An aerial view shows a paved road running alongside a dry, sparsely vegetated area with some buildings in the upper right.",
  "num_objects": 3,
  "objects": [
    {
      "id": "node_000",
      "track_id": 20,
      "priority": 0.9169
    },
    {
      "id": "node_001",
      "track_id": 7,
      "priority": 0.885
    },
    {
      "id": "node_002",
      "track_id": 19,
      "priority": 0.8281
    }
  ],
  "global_graph_nodes": 5,
  "global_graph_edges": 16,
  "graph": {
    "directed": true,
    "multigraph": false,
    "graph": {},
    "nodes": [
      {
        "label": "Paved Road",
        "semantic_class": "paved_road",
        "centroid": [
          0.6309780937707915,
          0.1902539947625096
        ],
        "priority": 0.8505140924568176,
        "confidence": 0.8671875,
        "track_id": 20,
        "mask_area": 0.16145724826388888,
        "frame_id": 20,
        "global_pose": {
          "centroid": [
            558.603271484375,
            284.2184143066406
          ],
          "bbox_xyxy": [
            -253.5526123046875,
            143.21331787109375,
            1053.517822265625,
            483.44085693359375
          ]
        },
        "observation_history": [
          {
            "frame_id": 20,
            "priority": 0.8901399999999999,
            "centroid": [
              0.6309780937707915,
              0.1902539947625096
            ],
            "confidence": 0.8671875,
            "global_centroid": [
              558.603271484375,
              284.2184143066406
            ],
            "timestamp": 0.0
          }
        ],
        "source_region_id": "region_000_Paved Road",
        "id": "node_000"
      },
      {
        "label": "Sparse Vegetation",
        "semantic_class": "sparse_vegetation",
        "centroid": [
          0.285853611176303,
          0.5523739097867308
        ],
        "priority": 0.563285155582428,
        "confidence": 0.9375,
        "track_id": 7,
        "mask_area": 0.5293793402777778,
        "frame_id": 20,
        "global_pose": {
          "centroid": [
            99.94914245605469,
            534.0718994140625
          ],
          "bbox_xyxy": [
            -282.28094482421875,
            143.21331787109375,
            563.28076171875,
            874.7136840820312
          ]
        },
        "observation_history": [
          {
            "frame_id": 20,
            "priority": 0.591,
            "centroid": [
              0.285853611176303,
              0.5523739097867308
            ],
            "confidence": 0.9375,
            "global_centroid": [
              99.94914245605469,
              534.0718994140625
            ],
            "timestamp": 0.0
          }
        ],
        "source_region_id": "region_001_Sparse Vegetation",
        "id": "node_001"
      },
      {
        "label": "Building",
        "semantic_class": "building",
        "centroid": [
          0.7842480579116615,
          0.2289190813516799
        ],
        "priority": 0.5371785097961426,
        "confidence": 0.9453125,
        "track_id": 19,
        "mask_area": 0.18626085069444445,
        "frame_id": 20,
        "global_pose": {
          "centroid": [
            760.2276611328125,
            314.7812194824219
          ],
          "bbox_xyxy": [
            469.22186279296875,
            148.83258056640625,
            1053.517822265625,
            484.468017578125
          ]
        },
        "observation_history": [
          {
            "frame_id": 20,
            "priority": 0.51686,
            "centroid": [
              0.7842480579116615,
              0.2289190813516799
            ],
            "confidence": 0.9453125,
            "global_centroid": [
              760.2276611328125,
              314.7812194824219
            ],
            "timestamp": 0.0
          }
        ],
        "source_region_id": "region_002_Building",
        "id": "node_002"
      }
    ],
    "links": [
      {
        "predicate": "occludes",
        "tier": 1,
        "confidence": 0.43,
        "source": "node_000",
        "target": "node_002"
      },
      {
        "predicate": "occluded_by",
        "tier": 1,
        "confidence": 0.43,
        "source": "node_002",
        "target": "node_000"
      }
    ]
  }
}