{
  "frame_id": 21,
  "task_prompt": "Identify vehicles and areas where you would most likely find a truck",
  "scene_summary": "An aerial view shows a paved road running alongside a dry, sparsely vegetated area with some buildings in the upper right.",
  "num_objects": 3,
  "objects": [
    {
      "id": "node_000",
      "track_id": 21,
      "priority": 0.9356
    },
    {
      "id": "node_001",
      "track_id": 7,
      "priority": 0.86
    },
    {
      "id": "node_002",
      "track_id": 19,
      "priority": 0.8187
    }
  ],
  "global_graph_nodes": 5,
  "global_graph_edges": 16,
  "graph": {
    "directed": true,
    "multigraph": false,
    "graph": {},
    "nodes": [
      {
        "label": "Paved Road",
        "semantic_class": "paved_road",
        "centroid": [
          0.5561608750414406,
          0.25425087054762796
        ],
        "priority": 0.7974900085334777,
        "confidence": 0.9140625,
        "track_id": 21,
        "mask_area": 0.15382921006944444,
        "frame_id": 20,
        "global_pose": {
          "centroid": [
            455.5907287597656,
            195.53562927246094
          ],
          "bbox_xyxy": [
            -273.1618957519531,
            21.414840698242188,
            1033.0810546875,
            336.97705078125
          ]
        },
        "observation_history": [
          {
            "frame_id": 20,
            "priority": 0.9013599999999999,
            "centroid": [
              0.5561608750414406,
              0.25425087054762796
            ],
            "confidence": 0.9140625,
            "global_centroid": [
              455.5907287597656,
              195.53562927246094
            ],
            "timestamp": 0.0
          }
        ],
        "source_region_id": "region_000_Paved Road",
        "id": "node_000"
      },
      {
        "label": "Sparse Vegetation",
        "semantic_class": "sparse_vegetation",
        "centroid": [
          0.31855564371169387,
          0.505909414648609
        ],
        "priority": 0.5926937540054322,
        "confidence": 0.875,
        "track_id": 7,
        "mask_area": 0.6176898871527777,
        "frame_id": 20,
        "global_pose": {
          "centroid": [
            135.75372314453125,
            372.19720458984375
          ],
          "bbox_xyxy": [
            -320.208740234375,
            21.830381393432617,
            558.7070922851562,
            740.153076171875
          ]
        },
        "observation_history": [
          {
            "frame_id": 20,
            "priority": 0.5760000000000001,
            "centroid": [
              0.31855564371169387,
              0.505909414648609
            ],
            "confidence": 0.875,
            "global_centroid": [
              135.75372314453125,
              372.19720458984375
            ],
            "timestamp": 0.0
          }
        ],
        "source_region_id": "region_001_Sparse Vegetation",
        "id": "node_001"
      },
      {
        "label": "Building",
        "semantic_class": "building",
        "centroid": [
          0.782886999514732,
          0.2262254109039138
        ],
        "priority": 0.48024273460006717,
        "confidence": 0.921875,
        "track_id": 19,
        "mask_area": 0.1934157986111111,
        "frame_id": 20,
        "global_pose": {
          "centroid": [
            750.07861328125,
            176.40830993652344
          ],
          "bbox_xyxy": [
            465.1459655761719,
            21.414840698242188,
            1033.0870361328125,
            337.9748840332031
          ]
        },
        "observation_history": [
          {
            "frame_id": 20,
            "priority": 0.51122,
            "centroid": [
              0.782886999514732,
              0.2262254109039138
            ],
            "confidence": 0.921875,
            "global_centroid": [
              750.07861328125,
              176.40830993652344
            ],
            "timestamp": 0.0
          }
        ],
        "source_region_id": "region_002_Building",
        "id": "node_002"
      }
    ],
    "links": [
      {
        "predicate": "occludes",
        "tier": 1,
        "confidence": 0.43,
        "source": "node_000",
        "target": "node_002"
      },
      {
        "predicate": "occluded_by",
        "tier": 1,
        "confidence": 0.43,
        "source": "node_002",
        "target": "node_000"
      }
    ]
  }
}