{
  "frame_id": 18,
  "task_prompt": "Identify vehicles and areas where you would most likely find a truck",
  "scene_summary": "An aerial view shows a road running alongside a dry, sparsely vegetated, and somewhat arid landscape with some buildings in the upper right.",
  "num_objects": 3,
  "objects": [
    {
      "id": "node_000",
      "track_id": 17,
      "priority": 0.7934
    },
    {
      "id": "node_001",
      "track_id": 3,
      "priority": 0.8709
    },
    {
      "id": "node_002",
      "track_id": 19,
      "priority": 0.8328
    }
  ],
  "global_graph_nodes": 5,
  "global_graph_edges": 12,
  "graph": {
    "directed": true,
    "multigraph": false,
    "graph": {},
    "nodes": [
      {
        "label": "Paved Road",
        "semantic_class": "paved_road",
        "centroid": [
          0.7593917166943922,
          0.49031876647308154
        ],
        "priority": 0.7404759511775971,
        "confidence": 0.55859375,
        "track_id": 17,
        "mask_area": 0.17089409722222224,
        "frame_id": 18,
        "global_pose": {
          "centroid": [
            972.0214233398438,
            353.0295104980469
          ],
          "bbox_xyxy": [
            657.0,
            0.0,
            1191.0,
            719.0
          ]
        },
        "observation_history": [
          {
            "frame_id": 18,
            "priority": 0.81604,
            "centroid": [
              0.7593917166943922,
              0.49031876647308154
            ],
            "confidence": 0.55859375,
            "global_centroid": [
              972.0214233398438,
              353.0295104980469
            ],
            "timestamp": 0.0
          }
        ],
        "source_region_id": "region_000_Paved Road",
        "id": "node_000"
      },
      {
        "label": "Dense Vegetation",
        "semantic_class": "dense_vegetation",
        "centroid": [
          0.26592876777546703,
          0.4257433906550224
        ],
        "priority": 0.570242866355896,
        "confidence": 0.90234375,
        "track_id": 3,
        "mask_area": 0.45026909722222225,
        "frame_id": 18,
        "global_pose": {
          "centroid": [
            340.3888244628906,
            306.5352478027344
          ],
          "bbox_xyxy": [
            0.0,
            0.0,
            679.0,
            615.0
          ]
        },
        "observation_history": [
          {
            "frame_id": 18,
            "priority": 0.53054,
            "centroid": [
              0.26592876777546703,
              0.4257433906550224
            ],
            "confidence": 0.90234375,
            "global_centroid": [
              340.3888244628906,
              306.5352478027344
            ],
            "timestamp": 0.0
          }
        ],
        "source_region_id": "region_001_Dense Vegetation",
        "id": "node_001"
      },
      {
        "label": "Building",
        "semantic_class": "building",
        "centroid": [
          0.8357843898871413,
          0.17690624986872008
        ],
        "priority": 0.5605161123695372,
        "confidence": 0.95703125,
        "track_id": 19,
        "mask_area": 0.11479600694444445,
        "frame_id": 18,
        "global_pose": {
          "centroid": [
            1069.8040771484375,
            127.37249755859375
          ],
          "bbox_xyxy": [
            856.0,
            0.0,
            1279.0,
            255.0
          ]
        },
        "observation_history": [
          {
            "frame_id": 18,
            "priority": 0.5196799999999999,
            "centroid": [
              0.8357843898871413,
              0.17690624986872008
            ],
            "confidence": 0.95703125,
            "global_centroid": [
              1069.8040771484375,
              127.37249755859375
            ],
            "timestamp": 0.0
          }
        ],
        "source_region_id": "region_002_Building",
        "id": "node_002"
      }
    ],
    "links": [
      {
        "predicate": "contains",
        "tier": 1,
        "confidence": 0.792,
        "source": "node_000",
        "target": "node_002"
      }
    ]
  }
}