{
  "frame_id": 2,
  "task_prompt": "Identify vehicles and areas where you would most likely find a truck",
  "scene_summary": "An aerial view shows a paved road intersection in a dry, sparsely vegetated, and hilly landscape.",
  "num_objects": 3,
  "objects": [
    {
      "id": "node_000",
      "track_id": 4,
      "priority": 0.9263
    },
    {
      "id": "node_001",
      "track_id": 2,
      "priority": 0.8756
    },
    {
      "id": "node_002",
      "track_id": 5,
      "priority": 0.825
    }
  ],
  "global_graph_nodes": 4,
  "global_graph_edges": 8,
  "graph": {
    "directed": true,
    "multigraph": false,
    "graph": {},
    "nodes": [
      {
        "label": "Paved Road Intersection",
        "semantic_class": "paved_road",
        "centroid": [
          0.3410613098492427,
          0.5822859796637947
        ],
        "priority": 0.8803050421943666,
        "confidence": 0.890625,
        "track_id": 4,
        "mask_area": 0.37311631944444446,
        "frame_id": 2,
        "global_pose": {
          "centroid": [
            427.53802490234375,
            150.75811767578125
          ],
          "bbox_xyxy": [
            -10.314101219177246,
            -272.2377014160156,
            1031.16943359375,
            456.43804931640625
          ]
        },
        "observation_history": [
          {
            "frame_id": 2,
            "priority": 0.89578,
            "centroid": [
              0.3410613098492427,
              0.5822859796637947
            ],
            "confidence": 0.890625,
            "global_centroid": [
              427.53802490234375,
              150.75811767578125
            ],
            "timestamp": 0.0
          }
        ],
        "source_region_id": "region_000_Paved Road Intersection",
        "id": "node_000"
      },
      {
        "label": "Sparse Vegetation",
        "semantic_class": "sparse_vegetation",
        "centroid": [
          0.4992711362292339,
          0.49801943136342935
        ],
        "priority": 0.6682880000000001,
        "confidence": 0.9140625,
        "track_id": 2,
        "mask_area": 0.9953993055555556,
        "frame_id": 2,
        "global_pose": {
          "centroid": [
            628.62890625,
            93.70982360839844
          ],
          "bbox_xyxy": [
            -10.314101219177246,
            -272.2377014160156,
            1259.2900390625,
            459.36260986328125
          ]
        },
        "observation_history": [
          {
            "frame_id": 2,
            "priority": 0.5853600000000001,
            "centroid": [
              0.4992711362292339,
              0.49801943136342935
            ],
            "confidence": 0.9140625,
            "global_centroid": [
              628.62890625,
              93.70982360839844
            ],
            "timestamp": 0.0
          }
        ],
        "source_region_id": "region_001_Sparse Vegetation",
        "id": "node_001"
      },
      {
        "label": "Dirt Road/Terrain",
        "semantic_class": "dirt_road",
        "centroid": [
          0.6112932699849372,
          0.4382125595666192
        ],
        "priority": 0.804,
        "confidence": 0.9375,
        "track_id": 5,
        "mask_area": 0.5914149305555556,
        "frame_id": 2,
        "global_pose": {
          "centroid": [
            770.5375366210938,
            53.350914001464844
          ],
          "bbox_xyxy": [
            -10.314101219177246,
            -272.2377014160156,
            1259.2900390625,
            459.36260986328125
          ]
        },
        "observation_history": [
          {
            "frame_id": 2,
            "priority": 0.7549999999999999,
            "centroid": [
              0.6112932699849372,
              0.4382125595666192
            ],
            "confidence": 0.9375,
            "global_centroid": [
              770.5375366210938,
              53.350914001464844
            ],
            "timestamp": 0.0
          }
        ],
        "source_region_id": "region_002_Dirt Road/Terrain",
        "id": "node_002"
      }
    ],
    "links": [
      {
        "predicate": "occludes",
        "tier": 1,
        "confidence": 0.818,
        "source": "node_000",
        "target": "node_001"
      },
      {
        "predicate": "occludes",
        "tier": 1,
        "confidence": 0.818,
        "source": "node_000",
        "target": "node_002"
      },
      {
        "predicate": "occluded_by",
        "tier": 1,
        "confidence": 0.818,
        "source": "node_001",
        "target": "node_000"
      },
      {
        "predicate": "occluded_by",
        "tier": 1,
        "confidence": 1.0,
        "source": "node_001",
        "target": "node_002"
      },
      {
        "predicate": "occluded_by",
        "tier": 1,
        "confidence": 0.818,
        "source": "node_002",
        "target": "node_000"
      },
      {
        "predicate": "occludes",
        "tier": 1,
        "confidence": 1.0,
        "source": "node_002",
        "target": "node_001"
      }
    ]
  }
}