{
  "frame_id": 13,
  "task_prompt": "Identify vehicles and areas where you would most likely find a truck",
  "scene_summary": "An aerial view shows a paved road running alongside a dry, sparsely vegetated hillside.",
  "num_objects": 3,
  "objects": [
    {
      "id": "node_000",
      "track_id": 7,
      "priority": 0.9356
    },
    {
      "id": "node_001",
      "track_id": 6,
      "priority": 0.8709
    },
    {
      "id": "node_002",
      "track_id": 16,
      "priority": 0.7562
    }
  ],
  "global_graph_nodes": 5,
  "global_graph_edges": 14,
  "graph": {
    "directed": true,
    "multigraph": false,
    "graph": {},
    "nodes": [
      {
        "label": "Paved Road",
        "semantic_class": "paved_road",
        "centroid": [
          0.1968551848570444,
          0.4840528607772816
        ],
        "priority": 0.8537255007629394,
        "confidence": 0.9140625,
        "track_id": 7,
        "mask_area": 0.3620551215277778,
        "frame_id": 12,
        "global_pose": {
          "centroid": [
            42.14571762084961,
            128.72201538085938
          ],
          "bbox_xyxy": [
            -225.2201385498047,
            -206.66087341308594,
            291.20928955078125,
            500.18621826171875
          ]
        },
        "observation_history": [
          {
            "frame_id": 12,
            "priority": 0.9013599999999999,
            "centroid": [
              0.1968551848570444,
              0.4840528607772816
            ],
            "confidence": 0.9140625,
            "global_centroid": [
              42.14571762084961,
              128.72201538085938
            ],
            "timestamp": 0.0
          }
        ],
        "source_region_id": "region_000_Paved Road",
        "id": "node_000"
      },
      {
        "label": "Dry Hillside",
        "semantic_class": "sparse_vegetation",
        "centroid": [
          0.6339705650838192,
          0.49931467377751915
        ],
        "priority": 0.6487692074127198,
        "confidence": 0.90234375,
        "track_id": 6,
        "mask_area": 0.7310243055555555,
        "frame_id": 12,
        "global_pose": {
          "centroid": [
            600.8119506835938,
            156.20956420898438
          ],
          "bbox_xyxy": [
            111.64922332763672,
            -201.65084838867188,
            1098.7276611328125,
            537.8839721679688
          ]
        },
        "observation_history": [
          {
            "frame_id": 12,
            "priority": 0.5825400000000001,
            "centroid": [
              0.6339705650838192,
              0.49931467377751915
            ],
            "confidence": 0.90234375,
            "global_centroid": [
              600.8119506835938,
              156.20956420898438
            ],
            "timestamp": 0.0
          }
        ],
        "source_region_id": "region_001_Dry Hillside",
        "id": "node_001"
      },
      {
        "label": "Road Edge/Drainage",
        "semantic_class": "dirt_road",
        "centroid": [
          0.3334449090870739,
          0.7544835377057788
        ],
        "priority": 0.7548346688041686,
        "confidence": 0.765625,
        "track_id": 16,
        "mask_area": 0.006430121527777778,
        "frame_id": 12,
        "global_pose": {
          "centroid": [
            203.6605987548828,
            323.8443908691406
          ],
          "bbox_xyxy": [
            -190.2371826171875,
            102.00897216796875,
            271.8170471191406,
            497.06146240234375
          ]
        },
        "observation_history": [
          {
            "frame_id": 12,
            "priority": 0.7137199999999999,
            "centroid": [
              0.3334449090870739,
              0.7544835377057788
            ],
            "confidence": 0.765625,
            "global_centroid": [
              203.6605987548828,
              323.8443908691406
            ],
            "timestamp": 0.0
          }
        ],
        "source_region_id": "region_002_Road Edge/Drainage",
        "id": "node_002"
      }
    ],
    "links": [
      {
        "predicate": "occludes",
        "tier": 1,
        "confidence": 0.498,
        "source": "node_000",
        "target": "node_002"
      },
      {
        "predicate": "occluded_by",
        "tier": 1,
        "confidence": 0.498,
        "source": "node_002",
        "target": "node_000"
      }
    ]
  }
}