{
  "frame_id": 18,
  "task_prompt": "Identify vehicles and areas where you would most likely find a truck",
  "scene_summary": "An aerial view shows a paved road running alongside a dry, sparsely vegetated, and somewhat arid landscape with some buildings in the upper right.",
  "num_objects": 3,
  "objects": [
    {
      "id": "node_000",
      "track_id": 16,
      "priority": 0.9278
    },
    {
      "id": "node_001",
      "track_id": 5,
      "priority": 0.8772
    },
    {
      "id": "node_002",
      "track_id": 19,
      "priority": 0.8328
    }
  ],
  "global_graph_nodes": 4,
  "global_graph_edges": 12,
  "graph": {
    "directed": true,
    "multigraph": false,
    "graph": {},
    "nodes": [
      {
        "label": "Paved Road",
        "semantic_class": "paved_road",
        "centroid": [
          0.7764735286140412,
          0.5055910785451121
        ],
        "priority": 0.885156991142273,
        "confidence": 0.89453125,
        "track_id": 16,
        "mask_area": 0.22353407118055554,
        "frame_id": 18,
        "global_pose": {
          "centroid": [
            728.3267822265625,
            102.27485656738281
          ],
          "bbox_xyxy": [
            181.06817626953125,
            -261.02978515625,
            1029.0755615234375,
            474.71868896484375
          ]
        },
        "observation_history": [
          {
            "frame_id": 18,
            "priority": 0.8966799999999999,
            "centroid": [
              0.7764735286140412,
              0.5055910785451121
            ],
            "confidence": 0.89453125,
            "global_centroid": [
              728.3267822265625,
              102.27485656738281
            ],
            "timestamp": 0.0
          }
        ],
        "source_region_id": "region_000_Paved Road",
        "id": "node_000"
      },
      {
        "label": "Sparse Vegetation",
        "semantic_class": "sparse_vegetation",
        "centroid": [
          0.2154875572857208,
          0.49842700963240605
        ],
        "priority": 0.6035710232315064,
        "confidence": 0.91796875,
        "track_id": 5,
        "mask_area": 0.42961371527777775,
        "frame_id": 18,
        "global_pose": {
          "centroid": [
            11.683270454406738,
            123.90973663330078
          ],
          "bbox_xyxy": [
            -287.1257629394531,
            -223.3723602294922,
            299.5301818847656,
            484.7879638671875
          ]
        },
        "observation_history": [
          {
            "frame_id": 18,
            "priority": 0.58632,
            "centroid": [
              0.2154875572857208,
              0.49842700963240605
            ],
            "confidence": 0.91796875,
            "global_centroid": [
              11.683270454406738,
              123.90973663330078
            ],
            "timestamp": 0.0
          }
        ],
        "source_region_id": "region_001_Sparse Vegetation",
        "id": "node_001"
      },
      {
        "label": "Building",
        "semantic_class": "building",
        "centroid": [
          0.8357843898871413,
          0.17690624986872008
        ],
        "priority": 0.5378391080322265,
        "confidence": 0.95703125,
        "track_id": 19,
        "mask_area": 0.11479600694444445,
        "frame_id": 18,
        "global_pose": {
          "centroid": [
            809.107421875,
            -130.13002014160156
          ],
          "bbox_xyxy": [
            590.153076171875,
            -261.02978515625,
            1024.9412841796875,
            1.5768789052963257
          ]
        },
        "observation_history": [
          {
            "frame_id": 18,
            "priority": 0.5196799999999999,
            "centroid": [
              0.8357843898871413,
              0.17690624986872008
            ],
            "confidence": 0.95703125,
            "global_centroid": [
              809.107421875,
              -130.13002014160156
            ],
            "timestamp": 0.0
          }
        ],
        "source_region_id": "region_002_Building",
        "id": "node_002"
      }
    ],
    "links": [
      {
        "predicate": "contains",
        "tier": 1,
        "confidence": 1.0,
        "source": "node_000",
        "target": "node_002"
      }
    ]
  }
}