{
  "frame_id": 34,
  "task_prompt": "Identify vehicles and areas where you would most likely find a truck",
  "scene_summary": "An aerial view shows a complex of low-rise buildings surrounded by paved roads and some sparse vegetation.",
  "num_objects": 3,
  "objects": [
    {
      "id": "node_000",
      "track_id": 23,
      "priority": 0.9294
    },
    {
      "id": "node_001",
      "track_id": 24,
      "priority": 0.8141
    },
    {
      "id": "node_002",
      "track_id": 18,
      "priority": 0.7744
    }
  ],
  "global_graph_nodes": 5,
  "global_graph_edges": 14,
  "graph": {
    "directed": true,
    "multigraph": false,
    "graph": {},
    "nodes": [
      {
        "label": "Building complex",
        "semantic_class": "building",
        "centroid": [
          0.29985030137079594,
          0.2855053998969002
        ],
        "priority": 0.569317355167389,
        "confidence": 0.8984375,
        "track_id": 23,
        "mask_area": 0.13143880208333333,
        "frame_id": 34,
        "global_pose": {
          "centroid": [
            125.37442779541016,
            -34.1341552734375
          ],
          "bbox_xyxy": [
            -259.6683044433594,
            -232.2547607421875,
            427.4646911621094,
            153.6834259033203
          ]
        },
        "observation_history": [
          {
            "frame_id": 34,
            "priority": 0.57764,
            "centroid": [
              0.29985030137079594,
              0.2855053998969002
            ],
            "confidence": 0.8984375,
            "global_centroid": [
              125.37442779541016,
              -34.1341552734375
            ],
            "timestamp": 0.0
          }
        ],
        "source_region_id": "region_000_Building complex",
        "id": "node_000"
      },
      {
        "label": "Paved road network",
        "semantic_class": "paved_road",
        "centroid": [
          0.49961421945408147,
          0.39926799531517004
        ],
        "priority": 0.7866663631134033,
        "confidence": 0.91015625,
        "track_id": 24,
        "mask_area": 0.081630859375,
        "frame_id": 34,
        "global_pose": {
          "centroid": [
            374.08319091796875,
            35.56175994873047
          ],
          "bbox_xyxy": [
            200.5326690673828,
            -73.60952758789062,
            548.0723876953125,
            144.4993896484375
          ]
        },
        "observation_history": [
          {
            "frame_id": 34,
            "priority": 0.82846,
            "centroid": [
              0.49961421945408147,
              0.39926799531517004
            ],
            "confidence": 0.91015625,
            "global_centroid": [
              374.08319091796875,
              35.56175994873047
            ],
            "timestamp": 0.0
          }
        ],
        "source_region_id": "region_001_Paved road network",
        "id": "node_001"
      },
      {
        "label": "Sparse vegetation",
        "semantic_class": "sparse_vegetation",
        "centroid": [
          0.2429679685053582,
          0.2636750417522007
        ],
        "priority": 0.5319507170791626,
        "confidence": 0.9609375,
        "track_id": 18,
        "mask_area": 0.12474392361111111,
        "frame_id": 34,
        "global_pose": {
          "centroid": [
            55.44070816040039,
            -46.60685729980469
          ],
          "bbox_xyxy": [
            -253.74098205566406,
            -221.32603454589844,
            300.73455810546875,
            87.18397521972656
          ]
        },
        "observation_history": [
          {
            "frame_id": 34,
            "priority": 0.52464,
            "centroid": [
              0.2429679685053582,
              0.2636750417522007
            ],
            "confidence": 0.9609375,
            "global_centroid": [
              55.44070816040039,
              -46.60685729980469
            ],
            "timestamp": 0.0
          }
        ],
        "source_region_id": "region_002_Sparse vegetation",
        "id": "node_002"
      }
    ],
    "links": [
      {
        "predicate": "occludes",
        "tier": 1,
        "confidence": 0.651,
        "source": "node_000",
        "target": "node_002"
      },
      {
        "predicate": "occluded_by",
        "tier": 1,
        "confidence": 0.651,
        "source": "node_002",
        "target": "node_000"
      }
    ]
  }
}