{
  "frame_id": 19,
  "task_prompt": "Identify vehicles and areas where you would most likely find a truck",
  "scene_summary": "An aerial view shows a road running alongside a dry, sparsely vegetated, and somewhat arid landscape with some buildings in the upper right.",
  "num_objects": 3,
  "objects": [
    {
      "id": "node_000",
      "track_id": 17,
      "priority": 0.9341
    },
    {
      "id": "node_001",
      "track_id": 3,
      "priority": 0.8834
    },
    {
      "id": "node_002",
      "track_id": 19,
      "priority": 0.825
    }
  ],
  "global_graph_nodes": 5,
  "global_graph_edges": 12,
  "graph": {
    "directed": true,
    "multigraph": false,
    "graph": {},
    "nodes": [
      {
        "label": "Paved Road",
        "semantic_class": "paved_road",
        "centroid": [
          0.7243832706974509,
          0.4648614106661816
        ],
        "priority": 0.7506528637104035,
        "confidence": 0.91015625,
        "track_id": 17,
        "mask_area": 0.20878363715277778,
        "frame_id": 18,
        "global_pose": {
          "centroid": [
            927.2105712890625,
            334.7002258300781
          ],
          "bbox_xyxy": [
            576.0,
            0.0,
            1191.0,
            719.0
          ]
        },
        "observation_history": [
          {
            "frame_id": 18,
            "priority": 0.90046,
            "centroid": [
              0.7243832706974509,
              0.4648614106661816
            ],
            "confidence": 0.91015625,
            "global_centroid": [
              927.2105712890625,
              334.7002258300781
            ],
            "timestamp": 0.0
          }
        ],
        "source_region_id": "region_000_Paved Road",
        "id": "node_000"
      },
      {
        "label": "Dense Vegetation",
        "semantic_class": "dense_vegetation",
        "centroid": [
          0.2600126021802547,
          0.43676386631176245
        ],
        "priority": 0.5815188191719055,
        "confidence": 0.93359375,
        "track_id": 3,
        "mask_area": 0.4418901909722222,
        "frame_id": 18,
        "global_pose": {
          "centroid": [
            332.8161315917969,
            314.469970703125
          ],
          "bbox_xyxy": [
            0.0,
            0.0,
            679.0,
            615.0
          ]
        },
        "observation_history": [
          {
            "frame_id": 18,
            "priority": 0.53804,
            "centroid": [
              0.2600126021802547,
              0.43676386631176245
            ],
            "confidence": 0.93359375,
            "global_centroid": [
              332.8161315917969,
              314.469970703125
            ],
            "timestamp": 0.0
          }
        ],
        "source_region_id": "region_001_Dense Vegetation",
        "id": "node_001"
      },
      {
        "label": "Building",
        "semantic_class": "building",
        "centroid": [
          0.8369392144457051,
          0.17551335733732393
        ],
        "priority": 0.4871214444637298,
        "confidence": 0.9375,
        "track_id": 19,
        "mask_area": 0.111904296875,
        "frame_id": 18,
        "global_pose": {
          "centroid": [
            1071.2822265625,
            126.36961364746094
          ],
          "bbox_xyxy": [
            856.0,
            0.0,
            1279.0,
            255.0
          ]
        },
        "observation_history": [
          {
            "frame_id": 18,
            "priority": 0.5149999999999999,
            "centroid": [
              0.8369392144457051,
              0.17551335733732393
            ],
            "confidence": 0.9375,
            "global_centroid": [
              1071.2822265625,
              126.36961364746094
            ],
            "timestamp": 0.0
          }
        ],
        "source_region_id": "region_002_Building",
        "id": "node_002"
      }
    ],
    "links": [
      {
        "predicate": "contains",
        "tier": 1,
        "confidence": 0.792,
        "source": "node_000",
        "target": "node_002"
      }
    ]
  }
}