{
  "frame_id": 14,
  "task_prompt": "Identify vehicles and areas where you would most likely find a truck",
  "scene_summary": "An aerial view shows a dry, sparsely vegetated field bordered by a paved road on the right.",
  "num_objects": 3,
  "objects": [
    {
      "id": "node_000",
      "track_id": 16,
      "priority": 0.7809
    },
    {
      "id": "node_001",
      "track_id": 5,
      "priority": 0.8725
    },
    {
      "id": "node_002",
      "track_id": 17,
      "priority": 0.7969
    }
  ],
  "global_graph_nodes": 4,
  "global_graph_edges": 11,
  "graph": {
    "directed": true,
    "multigraph": false,
    "graph": {},
    "nodes": [
      {
        "label": "Paved Road",
        "semantic_class": "paved_road",
        "centroid": [
          0.8985319781894111,
          0.2790849443833558
        ],
        "priority": 0.6944729614086151,
        "confidence": 0.52734375,
        "track_id": 16,
        "mask_area": 0.09275824652777778,
        "frame_id": 14,
        "global_pose": {
          "centroid": [
            912.7675170898438,
            353.4670715332031
          ],
          "bbox_xyxy": [
            671.6326904296875,
            150.47865295410156,
            1053.517822265625,
            766.1891479492188
          ]
        },
        "observation_history": [
          {
            "frame_id": 14,
            "priority": 0.80854,
            "centroid": [
              0.8985319781894111,
              0.2790849443833558
            ],
            "confidence": 0.52734375,
            "global_centroid": [
              912.7675170898438,
              353.4670715332031
            ],
            "timestamp": 0.0
          }
        ],
        "source_region_id": "region_000_Paved Road",
        "id": "node_000"
      },
      {
        "label": "Sparse Vegetation Field",
        "semantic_class": "sparse_vegetation",
        "centroid": [
          0.36527361618271276,
          0.4993669210076443
        ],
        "priority": 0.6668,
        "confidence": 0.90625,
        "track_id": 5,
        "mask_area": 0.7308474392361111,
        "frame_id": 14,
        "global_pose": {
          "centroid": [
            203.67237854003906,
            498.5953063964844
          ],
          "bbox_xyxy": [
            -282.28094482421875,
            143.21331787109375,
            694.2525024414062,
            879.9110717773438
          ]
        },
        "observation_history": [
          {
            "frame_id": 14,
            "priority": 0.5834999999999999,
            "centroid": [
              0.36527361618271276,
              0.4993669210076443
            ],
            "confidence": 0.90625,
            "global_centroid": [
              203.67237854003906,
              498.5953063964844
            ],
            "timestamp": 0.0
          }
        ],
        "source_region_id": "region_001_Sparse Vegetation Field",
        "id": "node_001"
      },
      {
        "label": "Dirt Road/Track",
        "semantic_class": "dirt_road",
        "centroid": [
          0.32450465001186063,
          0.5467023145219592
        ],
        "priority": 0.7905120000000001,
        "confidence": 0.8671875,
        "track_id": 17,
        "mask_area": 0.19211805555555556,
        "frame_id": 14,
        "global_pose": {
          "centroid": [
            149.54112243652344,
            531.225341796875
          ],
          "bbox_xyxy": [
            -5.3440728187561035,
            210.53619384765625,
            302.2550048828125,
            864.4935913085938
          ]
        },
        "observation_history": [
          {
            "frame_id": 14,
            "priority": 0.73814,
            "centroid": [
              0.32450465001186063,
              0.5467023145219592
            ],
            "confidence": 0.8671875,
            "global_centroid": [
              149.54112243652344,
              531.225341796875
            ],
            "timestamp": 0.0
          }
        ],
        "source_region_id": "region_002_Dirt Road/Track",
        "id": "node_002"
      }
    ],
    "links": [
      {
        "predicate": "contains",
        "tier": 1,
        "confidence": 1.0,
        "source": "node_001",
        "target": "node_002"
      }
    ]
  }
}