{
  "frame_id": 32,
  "task_prompt": "Identify vehicles and areas where you would most likely find a truck",
  "scene_summary": "An aerial view shows a residential area with rooftops, paved roads, and surrounding dry, sparsely vegetated terrain.",
  "num_objects": 3,
  "objects": [
    {
      "id": "node_000",
      "track_id": 3,
      "priority": 0.8897
    },
    {
      "id": "node_001",
      "track_id": 24,
      "priority": 0.8344
    },
    {
      "id": "node_002",
      "track_id": 27,
      "priority": 0.7475
    }
  ],
  "global_graph_nodes": 5,
  "global_graph_edges": 12,
  "graph": {
    "directed": true,
    "multigraph": false,
    "graph": {},
    "nodes": [
      {
        "label": "Paved Road Network",
        "semantic_class": "paved_road",
        "centroid": [
          0.26515088227376943,
          0.23197315482618033
        ],
        "priority": 0.8264657084999085,
        "confidence": 0.94921875,
        "track_id": 3,
        "mask_area": 0.23379557291666667,
        "frame_id": 32,
        "global_pose": {
          "centroid": [
            320.83929443359375,
            -103.81910705566406
          ],
          "bbox_xyxy": [
            -30.64765739440918,
            -277.1351013183594,
            666.3003540039062,
            59.47551727294922
          ]
        },
        "observation_history": [
          {
            "frame_id": 32,
            "priority": 0.87382,
            "centroid": [
              0.26515088227376943,
              0.23197315482618033
            ],
            "confidence": 0.94921875,
            "global_centroid": [
              320.83929443359375,
              -103.81910705566406
            ],
            "timestamp": 0.0
          }
        ],
        "source_region_id": "region_000_Paved Road Network",
        "id": "node_000"
      },
      {
        "label": "Residential Buildings",
        "semantic_class": "building",
        "centroid": [
          0.7607509642148798,
          0.7570091668106612
        ],
        "priority": 0.5686095828170776,
        "confidence": 0.9609375,
        "track_id": 24,
        "mask_area": 0.24071723090277777,
        "frame_id": 32,
        "global_pose": {
          "centroid": [
            961.6830444335938,
            276.58526611328125
          ],
          "bbox_xyxy": [
            586.7567749023438,
            51.74089431762695,
            1262.3017578125,
            447.33636474609375
          ]
        },
        "observation_history": [
          {
            "frame_id": 32,
            "priority": 0.52064,
            "centroid": [
              0.7607509642148798,
              0.7570091668106612
            ],
            "confidence": 0.9609375,
            "global_centroid": [
              961.6830444335938,
              276.58526611328125
            ],
            "timestamp": 0.0
          }
        ],
        "source_region_id": "region_001_Residential Buildings",
        "id": "node_001"
      },
      {
        "label": "Dry/Sparse Vegetation",
        "semantic_class": "sparse_vegetation",
        "centroid": [
          0.7746121838581701,
          0.2764689574895997
        ],
        "priority": 0.5452805202484131,
        "confidence": 0.96875,
        "track_id": 27,
        "mask_area": 0.017504340277777777,
        "frame_id": 32,
        "global_pose": {
          "centroid": [
            977.6192626953125,
            -63.56441879272461
          ],
          "bbox_xyxy": [
            906.1633911132812,
            -122.88382720947266,
            1048.75390625,
            -7.562999725341797
          ]
        },
        "observation_history": [
          {
            "frame_id": 32,
            "priority": 0.5085,
            "centroid": [
              0.7746121838581701,
              0.2764689574895997
            ],
            "confidence": 0.96875,
            "global_centroid": [
              977.6192626953125,
              -63.56441879272461
            ],
            "timestamp": 0.0
          }
        ],
        "source_region_id": "region_002_Dry/Sparse Vegetation",
        "id": "node_002"
      }
    ],
    "links": []
  }
}