{
  "frame_id": 33,
  "task_prompt": "Identify vehicles and areas where you would most likely find a truck",
  "scene_summary": "An aerial view shows a residential area with rooftops, paved roads, and surrounding dry, sparsely vegetated terrain.",
  "num_objects": 3,
  "objects": [
    {
      "id": "node_000",
      "track_id": 18,
      "priority": 0.8678
    },
    {
      "id": "node_001",
      "track_id": 17,
      "priority": 0.8109
    },
    {
      "id": "node_002",
      "track_id": 22,
      "priority": 0.7397
    }
  ],
  "global_graph_nodes": 5,
  "global_graph_edges": 14,
  "graph": {
    "directed": true,
    "multigraph": false,
    "graph": {},
    "nodes": [
      {
        "label": "Paved Road Network",
        "semantic_class": "paved_road",
        "centroid": [
          0.2653297922656776,
          0.240640635892795
        ],
        "priority": 0.6974543989303114,
        "confidence": 0.89453125,
        "track_id": 18,
        "mask_area": 0.20303168402777777,
        "frame_id": 32,
        "global_pose": {
          "centroid": [
            82.7170181274414,
            -184.80455017089844
          ],
          "bbox_xyxy": [
            -255.22720336914062,
            -349.3544921875,
            421.33001708984375,
            -37.61093521118164
          ]
        },
        "observation_history": [
          {
            "frame_id": 32,
            "priority": 0.8606800000000001,
            "centroid": [
              0.2653297922656776,
              0.240640635892795
            ],
            "confidence": 0.89453125,
            "global_centroid": [
              82.7170181274414,
              -184.80455017089844
            ],
            "timestamp": 0.0
          }
        ],
        "source_region_id": "region_000_Paved Road Network",
        "id": "node_000"
      },
      {
        "label": "Residential Buildings",
        "semantic_class": "building",
        "centroid": [
          0.7863267581776101,
          0.831521707291279
        ],
        "priority": 0.5761085745162964,
        "confidence": 0.90234375,
        "track_id": 17,
        "mask_area": 0.15846245659722222,
        "frame_id": 32,
        "global_pose": {
          "centroid": [
            732.4147338867188,
            201.11468505859375
          ],
          "bbox_xyxy": [
            308.3113098144531,
            -72.70220947265625,
            1019.5028686523438,
            324.1494445800781
          ]
        },
        "observation_history": [
          {
            "frame_id": 32,
            "priority": 0.50654,
            "centroid": [
              0.7863267581776101,
              0.831521707291279
            ],
            "confidence": 0.90234375,
            "global_centroid": [
              732.4147338867188,
              201.11468505859375
            ],
            "timestamp": 0.0
          }
        ],
        "source_region_id": "region_001_Residential Buildings",
        "id": "node_001"
      },
      {
        "label": "Dry/Sparse Vegetation",
        "semantic_class": "sparse_vegetation",
        "centroid": [
          0.7744146109296789,
          0.2741310754350981
        ],
        "priority": 0.48823664022064206,
        "confidence": 0.94921875,
        "track_id": 22,
        "mask_area": 0.01777560763888889,
        "frame_id": 32,
        "global_pose": {
          "centroid": [
            724.9862670898438,
            -180.098876953125
          ],
          "bbox_xyxy": [
            651.6868286132812,
            -234.79872131347656,
            798.5105590820312,
            -124.97601318359375
          ]
        },
        "observation_history": [
          {
            "frame_id": 32,
            "priority": 0.5038199999999999,
            "centroid": [
              0.7744146109296789,
              0.2741310754350981
            ],
            "confidence": 0.94921875,
            "global_centroid": [
              724.9862670898438,
              -180.098876953125
            ],
            "timestamp": 0.0
          }
        ],
        "source_region_id": "region_002_Dry/Sparse Vegetation",
        "id": "node_002"
      }
    ],
    "links": []
  }
}