{
  "frame_id": 15,
  "task_prompt": "Identify vehicles and areas where you would most likely find a truck",
  "scene_summary": "An aerial view shows a dry, sparsely vegetated field bordered by a paved road on the right.",
  "num_objects": 3,
  "objects": [
    {
      "id": "node_000",
      "track_id": 17,
      "priority": 0.9294
    },
    {
      "id": "node_001",
      "track_id": 3,
      "priority": 0.8788
    },
    {
      "id": "node_002",
      "track_id": 18,
      "priority": 0.8219
    }
  ],
  "global_graph_nodes": 5,
  "global_graph_edges": 11,
  "graph": {
    "directed": true,
    "multigraph": false,
    "graph": {},
    "nodes": [
      {
        "label": "Paved Road",
        "semantic_class": "paved_road",
        "centroid": [
          0.8787440620192101,
          0.3493273234087899
        ],
        "priority": 0.7961845538730622,
        "confidence": 0.8984375,
        "track_id": 17,
        "mask_area": 0.15092664930555555,
        "frame_id": 14,
        "global_pose": {
          "centroid": [
            1124.7923583984375,
            251.5156707763672
          ],
          "bbox_xyxy": [
            794.0,
            0.0,
            1279.0,
            719.0
          ]
        },
        "observation_history": [
          {
            "frame_id": 14,
            "priority": 0.89764,
            "centroid": [
              0.8787440620192101,
              0.3493273234087899
            ],
            "confidence": 0.8984375,
            "global_centroid": [
              1124.7923583984375,
              251.5156707763672
            ],
            "timestamp": 0.0
          }
        ],
        "source_region_id": "region_000_Paved Road",
        "id": "node_000"
      },
      {
        "label": "Sparse Vegetation Field",
        "semantic_class": "sparse_vegetation",
        "centroid": [
          0.3628995330376014,
          0.5041868355225934
        ],
        "priority": 0.6543760496368408,
        "confidence": 0.921875,
        "track_id": 3,
        "mask_area": 0.7212836371527778,
        "frame_id": 14,
        "global_pose": {
          "centroid": [
            464.51141357421875,
            363.0145263671875
          ],
          "bbox_xyxy": [
            0.0,
            0.0,
            935.0,
            719.0
          ]
        },
        "observation_history": [
          {
            "frame_id": 14,
            "priority": 0.58728,
            "centroid": [
              0.3628995330376014,
              0.5041868355225934
            ],
            "confidence": 0.921875,
            "global_centroid": [
              464.51141357421875,
              363.0145263671875
            ],
            "timestamp": 0.0
          }
        ],
        "source_region_id": "region_001_Sparse Vegetation Field",
        "id": "node_001"
      },
      {
        "label": "Dirt Road/Track",
        "semantic_class": "dirt_road",
        "centroid": [
          0.3993413769923374,
          0.3984484708429886
        ],
        "priority": 0.8018662790412903,
        "confidence": 0.9296875,
        "track_id": 18,
        "mask_area": 0.25644856770833335,
        "frame_id": 14,
        "global_pose": {
          "centroid": [
            511.1569519042969,
            286.8829040527344
          ],
          "bbox_xyxy": [
            280.0,
            32.0,
            743.0,
            542.0
          ]
        },
        "observation_history": [
          {
            "frame_id": 14,
            "priority": 0.7531399999999999,
            "centroid": [
              0.3993413769923374,
              0.3984484708429886
            ],
            "confidence": 0.9296875,
            "global_centroid": [
              511.1569519042969,
              286.8829040527344
            ],
            "timestamp": 0.0
          }
        ],
        "source_region_id": "region_002_Dirt Road/Track",
        "id": "node_002"
      }
    ],
    "links": [
      {
        "predicate": "contains",
        "tier": 1,
        "confidence": 1.0,
        "source": "node_001",
        "target": "node_002"
      }
    ]
  }
}