{
  "frame_id": 32,
  "task_prompt": "Identify vehicles and areas where you would most likely find a truck",
  "scene_summary": "An aerial view shows a residential area with rooftops, paved roads, and surrounding dry, sparsely vegetated terrain.",
  "num_objects": 3,
  "objects": [
    {
      "id": "node_000",
      "track_id": 18,
      "priority": 0.8897
    },
    {
      "id": "node_001",
      "track_id": 17,
      "priority": 0.8344
    },
    {
      "id": "node_002",
      "track_id": 22,
      "priority": 0.7475
    }
  ],
  "global_graph_nodes": 5,
  "global_graph_edges": 14,
  "graph": {
    "directed": true,
    "multigraph": false,
    "graph": {},
    "nodes": [
      {
        "label": "Paved Road Network",
        "semantic_class": "paved_road",
        "centroid": [
          0.26515088227376943,
          0.23197315482618033
        ],
        "priority": 0.8264657084999085,
        "confidence": 0.94921875,
        "track_id": 18,
        "mask_area": 0.23379557291666667,
        "frame_id": 32,
        "global_pose": {
          "centroid": [
            82.91487121582031,
            -190.4098358154297
          ],
          "bbox_xyxy": [
            -255.22720336914062,
            -349.3544921875,
            421.33001708984375,
            -37.61093521118164
          ]
        },
        "observation_history": [
          {
            "frame_id": 32,
            "priority": 0.87382,
            "centroid": [
              0.26515088227376943,
              0.23197315482618033
            ],
            "confidence": 0.94921875,
            "global_centroid": [
              82.91487121582031,
              -190.4098358154297
            ],
            "timestamp": 0.0
          }
        ],
        "source_region_id": "region_000_Paved Road Network",
        "id": "node_000"
      },
      {
        "label": "Residential Buildings",
        "semantic_class": "building",
        "centroid": [
          0.7607509642148798,
          0.7570091668106612
        ],
        "priority": 0.5686095828170776,
        "confidence": 0.9609375,
        "track_id": 17,
        "mask_area": 0.24071723090277777,
        "frame_id": 32,
        "global_pose": {
          "centroid": [
            699.56005859375,
            149.2458038330078
          ],
          "bbox_xyxy": [
            308.3113098144531,
            -72.70220947265625,
            1019.5028686523438,
            324.1494445800781
          ]
        },
        "observation_history": [
          {
            "frame_id": 32,
            "priority": 0.52064,
            "centroid": [
              0.7607509642148798,
              0.7570091668106612
            ],
            "confidence": 0.9609375,
            "global_centroid": [
              699.56005859375,
              149.2458038330078
            ],
            "timestamp": 0.0
          }
        ],
        "source_region_id": "region_001_Residential Buildings",
        "id": "node_001"
      },
      {
        "label": "Dry/Sparse Vegetation",
        "semantic_class": "sparse_vegetation",
        "centroid": [
          0.7746121838581701,
          0.2764689574895997
        ],
        "priority": 0.5452805202484131,
        "confidence": 0.96875,
        "track_id": 22,
        "mask_area": 0.017504340277777777,
        "frame_id": 32,
        "global_pose": {
          "centroid": [
            725.2073364257812,
            -178.5538787841797
          ],
          "bbox_xyxy": [
            651.6868286132812,
            -234.79872131347656,
            798.5105590820312,
            -124.97601318359375
          ]
        },
        "observation_history": [
          {
            "frame_id": 32,
            "priority": 0.5085,
            "centroid": [
              0.7746121838581701,
              0.2764689574895997
            ],
            "confidence": 0.96875,
            "global_centroid": [
              725.2073364257812,
              -178.5538787841797
            ],
            "timestamp": 0.0
          }
        ],
        "source_region_id": "region_002_Dry/Sparse Vegetation",
        "id": "node_002"
      }
    ],
    "links": []
  }
}