{
  "frame_id": 13,
  "task_prompt": "Identify vehicles and areas where you would most likely find a truck",
  "scene_summary": "An aerial view shows a paved road running alongside a dry, sparsely vegetated hillside.",
  "num_objects": 3,
  "objects": [
    {
      "id": "node_000",
      "track_id": 5,
      "priority": 0.9419
    },
    {
      "id": "node_001",
      "track_id": 12,
      "priority": 0.8709
    },
    {
      "id": "node_002",
      "track_id": 2,
      "priority": 0.7934
    }
  ],
  "global_graph_nodes": 4,
  "global_graph_edges": 11,
  "graph": {
    "directed": true,
    "multigraph": false,
    "graph": {},
    "nodes": [
      {
        "label": "Paved Road",
        "semantic_class": "paved_road",
        "centroid": [
          0.24373208491445292,
          0.4926176240596281
        ],
        "priority": 0.8979623336906434,
        "confidence": 0.9296875,
        "track_id": 5,
        "mask_area": 0.47209418402777775,
        "frame_id": 12,
        "global_pose": {
          "centroid": [
            100.47512817382812,
            136.41983032226562
          ],
          "bbox_xyxy": [
            -225.2201385498047,
            -206.66087341308594,
            417.98870849609375,
            506.1006164550781
          ]
        },
        "observation_history": [
          {
            "frame_id": 12,
            "priority": 0.9051400000000001,
            "centroid": [
              0.24373208491445292,
              0.4926176240596281
            ],
            "confidence": 0.9296875,
            "global_centroid": [
              100.47512817382812,
              136.41983032226562
            ],
            "timestamp": 0.0
          }
        ],
        "source_region_id": "region_000_Paved Road",
        "id": "node_000"
      },
      {
        "label": "Dry Hillside",
        "semantic_class": "sparse_vegetation",
        "centroid": [
          0.6339705650838192,
          0.49931467377751915
        ],
        "priority": 0.6660320000000001,
        "confidence": 0.90234375,
        "track_id": 12,
        "mask_area": 0.7310243055555555,
        "frame_id": 12,
        "global_pose": {
          "centroid": [
            600.8119506835938,
            156.20956420898438
          ],
          "bbox_xyxy": [
            111.64922332763672,
            -201.65084838867188,
            1098.7276611328125,
            537.8839721679688
          ]
        },
        "observation_history": [
          {
            "frame_id": 12,
            "priority": 0.5825400000000001,
            "centroid": [
              0.6339705650838192,
              0.49931467377751915
            ],
            "confidence": 0.90234375,
            "global_centroid": [
              600.8119506835938,
              156.20956420898438
            ],
            "timestamp": 0.0
          }
        ],
        "source_region_id": "region_001_Dry Hillside",
        "id": "node_001"
      },
      {
        "label": "Dirt Road/Trail",
        "semantic_class": "dirt_road",
        "centroid": [
          0.8090148445249474,
          0.6490983778392823
        ],
        "priority": 0.788832,
        "confidence": 0.93359375,
        "track_id": 2,
        "mask_area": 0.15642686631944444,
        "frame_id": 12,
        "global_pose": {
          "centroid": [
            828.92236328125,
            271.147705078125
          ],
          "bbox_xyxy": [
            570.1864624023438,
            116.68897247314453,
            1090.6748046875,
            430.83447265625
          ]
        },
        "observation_history": [
          {
            "frame_id": 12,
            "priority": 0.73604,
            "centroid": [
              0.8090148445249474,
              0.6490983778392823
            ],
            "confidence": 0.93359375,
            "global_centroid": [
              828.92236328125,
              271.147705078125
            ],
            "timestamp": 0.0
          }
        ],
        "source_region_id": "region_002_Dirt Road/Trail",
        "id": "node_002"
      }
    ],
    "links": [
      {
        "predicate": "contains",
        "tier": 1,
        "confidence": 1.0,
        "source": "node_001",
        "target": "node_002"
      }
    ]
  }
}