{
  "frame_id": 21,
  "task_prompt": "Identify vehicles and areas where you would most likely find a truck",
  "scene_summary": "An aerial view shows a paved road running alongside a dry, sparsely vegetated area with some buildings in the upper right.",
  "num_objects": 3,
  "objects": [
    {
      "id": "node_000",
      "track_id": 21,
      "priority": 0.9387
    },
    {
      "id": "node_001",
      "track_id": 18,
      "priority": 0.885
    },
    {
      "id": "node_002",
      "track_id": 19,
      "priority": 0.8234
    }
  ],
  "global_graph_nodes": 5,
  "global_graph_edges": 12,
  "graph": {
    "directed": true,
    "multigraph": false,
    "graph": {},
    "nodes": [
      {
        "label": "Paved Road",
        "semantic_class": "paved_road",
        "centroid": [
          0.5567160377104429,
          0.26944944582944336
        ],
        "priority": 0.742938988114357,
        "confidence": 0.921875,
        "track_id": 21,
        "mask_area": 0.17627495659722223,
        "frame_id": 20,
        "global_pose": {
          "centroid": [
            703.4041137695312,
            58.87637710571289
          ],
          "bbox_xyxy": [
            -31.497652053833008,
            -132.82577514648438,
            1263.87646484375,
            236.7083740234375
          ]
        },
        "observation_history": [
          {
            "frame_id": 20,
            "priority": 0.9032199999999999,
            "centroid": [
              0.5567160377104429,
              0.26944944582944336
            ],
            "confidence": 0.921875,
            "global_centroid": [
              703.4041137695312,
              58.87637710571289
            ],
            "timestamp": 0.0
          }
        ],
        "source_region_id": "region_000_Paved Road",
        "id": "node_000"
      },
      {
        "label": "Sparse Vegetation",
        "semantic_class": "sparse_vegetation",
        "centroid": [
          0.2844774289238722,
          0.7114700990934544
        ],
        "priority": 0.6304849222183228,
        "confidence": 0.9375,
        "track_id": 18,
        "mask_area": 0.34173611111111113,
        "frame_id": 20,
        "global_pose": {
          "centroid": [
            344.08062744140625,
            385.144775390625
          ],
          "bbox_xyxy": [
            -47.31504821777344,
            147.05609130859375,
            797.475341796875,
            610.5494384765625
          ]
        },
        "observation_history": [
          {
            "frame_id": 20,
            "priority": 0.591,
            "centroid": [
              0.2844774289238722,
              0.7114700990934544
            ],
            "confidence": 0.9375,
            "global_centroid": [
              344.08062744140625,
              385.144775390625
            ],
            "timestamp": 0.0
          }
        ],
        "source_region_id": "region_001_Sparse Vegetation",
        "id": "node_001"
      },
      {
        "label": "Building",
        "semantic_class": "building",
        "centroid": [
          0.8080558032758394,
          0.17389476520485259
        ],
        "priority": 0.520510416633606,
        "confidence": 0.93359375,
        "track_id": 19,
        "mask_area": 0.13110243055555557,
        "frame_id": 20,
        "global_pose": {
          "centroid": [
            1021.0484008789062,
            -11.126264572143555
          ],
          "bbox_xyxy": [
            782.5174560546875,
            -132.82577514648438,
            1261.3731689453125,
            118.43794250488281
          ]
        },
        "observation_history": [
          {
            "frame_id": 20,
            "priority": 0.5140399999999999,
            "centroid": [
              0.8080558032758394,
              0.17389476520485259
            ],
            "confidence": 0.93359375,
            "global_centroid": [
              1021.0484008789062,
              -11.126264572143555
            ],
            "timestamp": 0.0
          }
        ],
        "source_region_id": "region_002_Building",
        "id": "node_002"
      }
    ],
    "links": [
      {
        "predicate": "contains",
        "tier": 1,
        "confidence": 1.0,
        "source": "node_000",
        "target": "node_002"
      }
    ]
  }
}