{
  "frame_id": 12,
  "task_prompt": "Identify vehicles and areas where you would most likely find a truck",
  "scene_summary": "An aerial view shows a paved road running alongside a dry, sparsely vegetated hillside.",
  "num_objects": 3,
  "objects": [
    {
      "id": "node_000",
      "track_id": 5,
      "priority": 0.9372
    },
    {
      "id": "node_001",
      "track_id": 12,
      "priority": 0.8881
    },
    {
      "id": "node_002",
      "track_id": 2,
      "priority": 0.7872
    }
  ],
  "global_graph_nodes": 4,
  "global_graph_edges": 11,
  "graph": {
    "directed": true,
    "multigraph": false,
    "graph": {},
    "nodes": [
      {
        "label": "Paved Road",
        "semantic_class": "paved_road",
        "centroid": [
          0.24472472627551084,
          0.49603130409551827
        ],
        "priority": 0.7780579169330597,
        "confidence": 0.91796875,
        "track_id": 5,
        "mask_area": 0.452080078125,
        "frame_id": 12,
        "global_pose": {
          "centroid": [
            76.55537414550781,
            231.09442138671875
          ],
          "bbox_xyxy": [
            -256.16192626953125,
            -111.3045425415039,
            391.9302978515625,
            601.4348754882812
          ]
        },
        "observation_history": [
          {
            "frame_id": 12,
            "priority": 0.90232,
            "centroid": [
              0.24472472627551084,
              0.49603130409551827
            ],
            "confidence": 0.91796875,
            "global_centroid": [
              76.55537414550781,
              231.09442138671875
            ],
            "timestamp": 0.0
          }
        ],
        "source_region_id": "region_000_Paved Road",
        "id": "node_000"
      },
      {
        "label": "Dry Hillside",
        "semantic_class": "sparse_vegetation",
        "centroid": [
          0.6376419805320597,
          0.4923776757561281
        ],
        "priority": 0.674288,
        "confidence": 0.9453125,
        "track_id": 12,
        "mask_area": 0.716962890625,
        "frame_id": 12,
        "global_pose": {
          "centroid": [
            578.986328125,
            244.1491241455078
          ],
          "bbox_xyxy": [
            83.68107604980469,
            -105.60093688964844,
            1061.8154296875,
            633.328369140625
          ]
        },
        "observation_history": [
          {
            "frame_id": 12,
            "priority": 0.5928599999999999,
            "centroid": [
              0.6376419805320597,
              0.4923776757561281
            ],
            "confidence": 0.9453125,
            "global_centroid": [
              578.986328125,
              244.1491241455078
            ],
            "timestamp": 0.0
          }
        ],
        "source_region_id": "region_001_Dry Hillside",
        "id": "node_001"
      },
      {
        "label": "Dirt Road/Trail",
        "semantic_class": "dirt_road",
        "centroid": [
          0.8089410992030753,
          0.6491709630728606
        ],
        "priority": 0.7858560000000001,
        "confidence": 0.91796875,
        "track_id": 2,
        "mask_area": 0.15651258680555555,
        "frame_id": 12,
        "global_pose": {
          "centroid": [
            801.9347534179688,
            364.0733947753906
          ],
          "bbox_xyxy": [
            544.6979370117188,
            209.52125549316406,
            1059.810302734375,
            524.8126220703125
          ]
        },
        "observation_history": [
          {
            "frame_id": 12,
            "priority": 0.73232,
            "centroid": [
              0.8089410992030753,
              0.6491709630728606
            ],
            "confidence": 0.91796875,
            "global_centroid": [
              801.9347534179688,
              364.0733947753906
            ],
            "timestamp": 0.0
          }
        ],
        "source_region_id": "region_002_Dirt Road/Trail",
        "id": "node_002"
      }
    ],
    "links": [
      {
        "predicate": "contains",
        "tier": 1,
        "confidence": 1.0,
        "source": "node_001",
        "target": "node_002"
      }
    ]
  }
}