{
  "frame_id": 33,
  "task_prompt": "Identify vehicles and areas where you would most likely find a truck",
  "scene_summary": "An aerial view shows a residential area with rooftops, paved roads, and surrounding dry, sparsely vegetated terrain.",
  "num_objects": 3,
  "objects": [
    {
      "id": "node_000",
      "track_id": 3,
      "priority": 0.8678
    },
    {
      "id": "node_001",
      "track_id": 24,
      "priority": 0.8109
    },
    {
      "id": "node_002",
      "track_id": 27,
      "priority": 0.7397
    }
  ],
  "global_graph_nodes": 5,
  "global_graph_edges": 12,
  "graph": {
    "directed": true,
    "multigraph": false,
    "graph": {},
    "nodes": [
      {
        "label": "Paved Road Network",
        "semantic_class": "paved_road",
        "centroid": [
          0.2653297922656776,
          0.240640635892795
        ],
        "priority": 0.6974543989303114,
        "confidence": 0.89453125,
        "track_id": 3,
        "mask_area": 0.20303168402777777,
        "frame_id": 32,
        "global_pose": {
          "centroid": [
            339.62213134765625,
            173.26126098632812
          ],
          "bbox_xyxy": [
            0.0,
            0.0,
            679.0,
            327.0
          ]
        },
        "observation_history": [
          {
            "frame_id": 32,
            "priority": 0.8606800000000001,
            "centroid": [
              0.2653297922656776,
              0.240640635892795
            ],
            "confidence": 0.89453125,
            "global_centroid": [
              339.62213134765625,
              173.26126098632812
            ],
            "timestamp": 0.0
          }
        ],
        "source_region_id": "region_000_Paved Road Network",
        "id": "node_000"
      },
      {
        "label": "Residential Buildings",
        "semantic_class": "building",
        "centroid": [
          0.7863267581776101,
          0.831521707291279
        ],
        "priority": 0.5761085745162964,
        "confidence": 0.90234375,
        "track_id": 24,
        "mask_area": 0.15846245659722222,
        "frame_id": 32,
        "global_pose": {
          "centroid": [
            1006.4982299804688,
            598.6956176757812
          ],
          "bbox_xyxy": [
            600.0,
            320.0,
            1279.0,
            719.0
          ]
        },
        "observation_history": [
          {
            "frame_id": 32,
            "priority": 0.50654,
            "centroid": [
              0.7863267581776101,
              0.831521707291279
            ],
            "confidence": 0.90234375,
            "global_centroid": [
              1006.4982299804688,
              598.6956176757812
            ],
            "timestamp": 0.0
          }
        ],
        "source_region_id": "region_001_Residential Buildings",
        "id": "node_001"
      },
      {
        "label": "Dry/Sparse Vegetation",
        "semantic_class": "sparse_vegetation",
        "centroid": [
          0.7744146109296789,
          0.2741310754350981
        ],
        "priority": 0.48823664022064206,
        "confidence": 0.94921875,
        "track_id": 27,
        "mask_area": 0.01777560763888889,
        "frame_id": 32,
        "global_pose": {
          "centroid": [
            991.250732421875,
            197.37437438964844
          ],
          "bbox_xyxy": [
            920.0,
            140.0,
            1063.0,
            255.0
          ]
        },
        "observation_history": [
          {
            "frame_id": 32,
            "priority": 0.5038199999999999,
            "centroid": [
              0.7744146109296789,
              0.2741310754350981
            ],
            "confidence": 0.94921875,
            "global_centroid": [
              991.250732421875,
              197.37437438964844
            ],
            "timestamp": 0.0
          }
        ],
        "source_region_id": "region_002_Dry/Sparse Vegetation",
        "id": "node_002"
      }
    ],
    "links": []
  }
}