{
  "frame_id": 12,
  "task_prompt": "Identify vehicles and areas where you would most likely find a truck",
  "scene_summary": "An aerial view shows a paved road running alongside a dry, sparsely vegetated hillside.",
  "num_objects": 3,
  "objects": [
    {
      "id": "node_000",
      "track_id": 7,
      "priority": 0.9278
    },
    {
      "id": "node_001",
      "track_id": 6,
      "priority": 0.8881
    },
    {
      "id": "node_002",
      "track_id": 15,
      "priority": 0.725
    }
  ],
  "global_graph_nodes": 5,
  "global_graph_edges": 14,
  "graph": {
    "directed": true,
    "multigraph": false,
    "graph": {},
    "nodes": [
      {
        "label": "Paved Road",
        "semantic_class": "paved_road",
        "centroid": [
          0.12184650317732973,
          0.6271792581328794
        ],
        "priority": 0.7498107364358901,
        "confidence": 0.89453125,
        "track_id": 7,
        "mask_area": 0.1733984375,
        "frame_id": 12,
        "global_pose": {
          "centroid": [
            -83.33726501464844,
            317.26837158203125
          ],
          "bbox_xyxy": [
            -256.16192626953125,
            -111.3045425415039,
            261.9324035644531,
            595.2543334960938
          ]
        },
        "observation_history": [
          {
            "frame_id": 12,
            "priority": 0.8966799999999999,
            "centroid": [
              0.12184650317732973,
              0.6271792581328794
            ],
            "confidence": 0.89453125,
            "global_centroid": [
              -83.33726501464844,
              317.26837158203125
            ],
            "timestamp": 0.0
          }
        ],
        "source_region_id": "region_000_Paved Road",
        "id": "node_000"
      },
      {
        "label": "Dry Hillside",
        "semantic_class": "sparse_vegetation",
        "centroid": [
          0.6376419805320597,
          0.4923776757561281
        ],
        "priority": 0.6673511160736084,
        "confidence": 0.9453125,
        "track_id": 6,
        "mask_area": 0.716962890625,
        "frame_id": 12,
        "global_pose": {
          "centroid": [
            578.986328125,
            244.1491241455078
          ],
          "bbox_xyxy": [
            83.68107604980469,
            -105.60093688964844,
            1061.8154296875,
            633.328369140625
          ]
        },
        "observation_history": [
          {
            "frame_id": 12,
            "priority": 0.5928599999999999,
            "centroid": [
              0.6376419805320597,
              0.4923776757561281
            ],
            "confidence": 0.9453125,
            "global_centroid": [
              578.986328125,
              244.1491241455078
            ],
            "timestamp": 0.0
          }
        ],
        "source_region_id": "region_001_Dry Hillside",
        "id": "node_001"
      },
      {
        "label": "Road Edge/Drainage",
        "semantic_class": "dirt_road",
        "centroid": [
          0.23660601265822784,
          0.7170376230661041
        ],
        "priority": 0.6488755044937135,
        "confidence": 0.6875,
        "track_id": 15,
        "mask_area": 0.0008572048611111111,
        "frame_id": 12,
        "global_pose": {
          "centroid": [
            56.02444839477539,
            385.5561218261719
          ],
          "bbox_xyxy": [
            -128.89761352539062,
            190.0610809326172,
            202.381591796875,
            581.1369018554688
          ]
        },
        "observation_history": [
          {
            "frame_id": 12,
            "priority": 0.6950000000000001,
            "centroid": [
              0.23660601265822784,
              0.7170376230661041
            ],
            "confidence": 0.6875,
            "global_centroid": [
              56.02444839477539,
              385.5561218261719
            ],
            "timestamp": 0.0
          }
        ],
        "source_region_id": "region_002_Road Edge/Drainage",
        "id": "node_002"
      }
    ],
    "links": [
      {
        "predicate": "connected_to",
        "tier": 1,
        "confidence": 0.688,
        "source": "node_000",
        "target": "node_002"
      },
      {
        "predicate": "connected_to",
        "tier": 1,
        "confidence": 0.688,
        "source": "node_002",
        "target": "node_000"
      }
    ]
  }
}