{
  "frame_id": 14,
  "task_prompt": "Identify vehicles and areas where you would most likely find a truck",
  "scene_summary": "An aerial view shows a dry, sparsely vegetated field bordered by a paved road on the right.",
  "num_objects": 3,
  "objects": [
    {
      "id": "node_000",
      "track_id": 12,
      "priority": 0.7809
    },
    {
      "id": "node_001",
      "track_id": 5,
      "priority": 0.8772
    },
    {
      "id": "node_002",
      "track_id": 13,
      "priority": 0.8047
    }
  ],
  "global_graph_nodes": 5,
  "global_graph_edges": 12,
  "graph": {
    "directed": true,
    "multigraph": false,
    "graph": {},
    "nodes": [
      {
        "label": "Paved Road",
        "semantic_class": "paved_road",
        "centroid": [
          0.8985319781894111,
          0.2790849443833558
        ],
        "priority": 0.67635938404274,
        "confidence": 0.52734375,
        "track_id": 12,
        "mask_area": 0.09275824652777778,
        "frame_id": 14,
        "global_pose": {
          "centroid": [
            912.7675170898438,
            353.4670715332031
          ],
          "bbox_xyxy": [
            671.6326904296875,
            150.47865295410156,
            1053.517822265625,
            766.1891479492188
          ]
        },
        "observation_history": [
          {
            "frame_id": 14,
            "priority": 0.80854,
            "centroid": [
              0.8985319781894111,
              0.2790849443833558
            ],
            "confidence": 0.52734375,
            "global_centroid": [
              912.7675170898438,
              353.4670715332031
            ],
            "timestamp": 0.0
          }
        ],
        "source_region_id": "region_000_Paved Road",
        "id": "node_000"
      },
      {
        "label": "Sparse Vegetation Field",
        "semantic_class": "sparse_vegetation",
        "centroid": [
          0.3404080471016689,
          0.49957182053134735
        ],
        "priority": 0.6654068248329162,
        "confidence": 0.91796875,
        "track_id": 5,
        "mask_area": 0.6802810329861111,
        "frame_id": 14,
        "global_pose": {
          "centroid": [
            171.7899169921875,
            498.0101318359375
          ],
          "bbox_xyxy": [
            -282.28094482421875,
            143.21331787109375,
            628.5862426757812,
            877.3049926757812
          ]
        },
        "observation_history": [
          {
            "frame_id": 14,
            "priority": 0.58632,
            "centroid": [
              0.3404080471016689,
              0.49957182053134735
            ],
            "confidence": 0.91796875,
            "global_centroid": [
              171.7899169921875,
              498.0101318359375
            ],
            "timestamp": 0.0
          }
        ],
        "source_region_id": "region_001_Sparse Vegetation Field",
        "id": "node_001"
      },
      {
        "label": "Dirt Road/Track",
        "semantic_class": "dirt_road",
        "centroid": [
          0.3244668072902049,
          0.49970255246826956
        ],
        "priority": 0.7941605372009277,
        "confidence": 0.88671875,
        "track_id": 13,
        "mask_area": 0.1933051215277778,
        "frame_id": 14,
        "global_pose": {
          "centroid": [
            151.39573669433594,
            497.6353454589844
          ],
          "bbox_xyxy": [
            -3.3185458183288574,
            175.9715118408203,
            304.0325622558594,
            831.6337280273438
          ]
        },
        "observation_history": [
          {
            "frame_id": 14,
            "priority": 0.74282,
            "centroid": [
              0.3244668072902049,
              0.49970255246826956
            ],
            "confidence": 0.88671875,
            "global_centroid": [
              151.39573669433594,
              497.6353454589844
            ],
            "timestamp": 0.0
          }
        ],
        "source_region_id": "region_002_Dirt Road/Track",
        "id": "node_002"
      }
    ],
    "links": [
      {
        "predicate": "contains",
        "tier": 1,
        "confidence": 1.0,
        "source": "node_001",
        "target": "node_002"
      },
      {
        "predicate": "spatially_adjacent",
        "tier": 1,
        "confidence": 0.681,
        "source": "node_002",
        "target": "node_001"
      }
    ]
  }
}