{
  "frame_id": 16,
  "task_prompt": "Identify vehicles and areas where you would most likely find a truck",
  "scene_summary": "An aerial view shows a dry, sparsely vegetated landscape with a paved road running alongside a dry streambed or drainage channel.",
  "num_objects": 3,
  "objects": [
    {
      "id": "node_000",
      "track_id": 12,
      "priority": 0.9387
    },
    {
      "id": "node_001",
      "track_id": 5,
      "priority": 0.8834
    },
    {
      "id": "node_002",
      "track_id": 13,
      "priority": 0.8375
    }
  ],
  "global_graph_nodes": 5,
  "global_graph_edges": 12,
  "graph": {
    "directed": true,
    "multigraph": false,
    "graph": {},
    "nodes": [
      {
        "label": "Paved Road",
        "semantic_class": "paved_road",
        "centroid": [
          0.833692485601175,
          0.4418940019206978
        ],
        "priority": 0.8148897426376343,
        "confidence": 0.921875,
        "track_id": 12,
        "mask_area": 0.21166232638888888,
        "frame_id": 16,
        "global_pose": {
          "centroid": [
            818.3632202148438,
            329.1571960449219
          ],
          "bbox_xyxy": [
            317.34246826171875,
            12.46854305267334,
            1047.5203857421875,
            744.8717041015625
          ]
        },
        "observation_history": [
          {
            "frame_id": 16,
            "priority": 0.9032199999999999,
            "centroid": [
              0.833692485601175,
              0.4418940019206978
            ],
            "confidence": 0.921875,
            "global_centroid": [
              818.3632202148438,
              329.1571960449219
            ],
            "timestamp": 0.0
          }
        ],
        "source_region_id": "region_000_Paved Road",
        "id": "node_000"
      },
      {
        "label": "Sparse Vegetation",
        "semantic_class": "sparse_vegetation",
        "centroid": [
          0.2652177387813757,
          0.4994947921427282
        ],
        "priority": 0.6586433185882568,
        "confidence": 0.93359375,
        "track_id": 5,
        "mask_area": 0.5302452256944444,
        "frame_id": 16,
        "global_pose": {
          "centroid": [
            74.77127075195312,
            366.99298095703125
          ],
          "bbox_xyxy": [
            -284.4527893066406,
            18.193803787231445,
            431.6036071777344,
            731.8583374023438
          ]
        },
        "observation_history": [
          {
            "frame_id": 16,
            "priority": 0.5900399999999999,
            "centroid": [
              0.2652177387813757,
              0.4994947921427282
            ],
            "confidence": 0.93359375,
            "global_centroid": [
              74.77127075195312,
              366.99298095703125
            ],
            "timestamp": 0.0
          }
        ],
        "source_region_id": "region_001_Sparse Vegetation",
        "id": "node_001"
      },
      {
        "label": "Dirt Road/Drainage",
        "semantic_class": "dirt_road",
        "centroid": [
          0.39955997863523973,
          0.44843399023582403
        ],
        "priority": 0.7785863375663757,
        "confidence": 0.96875,
        "track_id": 13,
        "mask_area": 0.2813009982638889,
        "frame_id": 16,
        "global_pose": {
          "centroid": [
            248.1068878173828,
            331.7423095703125
          ],
          "bbox_xyxy": [
            -59.124847412109375,
            117.64501953125,
            556.4527587890625,
            553.103759765625
          ]
        },
        "observation_history": [
          {
            "frame_id": 16,
            "priority": 0.7625,
            "centroid": [
              0.39955997863523973,
              0.44843399023582403
            ],
            "confidence": 0.96875,
            "global_centroid": [
              248.1068878173828,
              331.7423095703125
            ],
            "timestamp": 0.0
          }
        ],
        "source_region_id": "region_002_Dirt Road/Drainage",
        "id": "node_002"
      }
    ],
    "links": [
      {
        "predicate": "connected_to",
        "tier": 1,
        "confidence": 0.922,
        "source": "node_000",
        "target": "node_002"
      },
      {
        "predicate": "contains",
        "tier": 1,
        "confidence": 0.783,
        "source": "node_001",
        "target": "node_002"
      },
      {
        "predicate": "connected_to",
        "tier": 1,
        "confidence": 0.922,
        "source": "node_002",
        "target": "node_000"
      }
    ]
  }
}