{
  "frame_id": 17,
  "task_prompt": "Identify vehicles and areas where you would most likely find a truck",
  "scene_summary": "An aerial view shows a dry, sparsely vegetated landscape with a paved road running alongside a dry creek bed.",
  "num_objects": 3,
  "objects": [
    {
      "id": "node_000",
      "track_id": 17,
      "priority": 0.9341
    },
    {
      "id": "node_001",
      "track_id": 3,
      "priority": 0.8803
    },
    {
      "id": "node_002",
      "track_id": 18,
      "priority": 0.8344
    }
  ],
  "global_graph_nodes": 5,
  "global_graph_edges": 12,
  "graph": {
    "directed": true,
    "multigraph": false,
    "graph": {},
    "nodes": [
      {
        "label": "Paved Road",
        "semantic_class": "paved_road",
        "centroid": [
          0.8114184314661127,
          0.4685916008464359
        ],
        "priority": 0.7677972367696764,
        "confidence": 0.91015625,
        "track_id": 17,
        "mask_area": 0.20579210069444445,
        "frame_id": 16,
        "global_pose": {
          "centroid": [
            1038.6156005859375,
            337.3859558105469
          ],
          "bbox_xyxy": [
            603.0,
            0.0,
            1279.0,
            719.0
          ]
        },
        "observation_history": [
          {
            "frame_id": 16,
            "priority": 0.90046,
            "centroid": [
              0.8114184314661127,
              0.4685916008464359
            ],
            "confidence": 0.91015625,
            "global_centroid": [
              1038.6156005859375,
              337.3859558105469
            ],
            "timestamp": 0.0
          }
        ],
        "source_region_id": "region_000_Paved Road",
        "id": "node_000"
      },
      {
        "label": "Sparse Vegetation",
        "semantic_class": "sparse_vegetation",
        "centroid": [
          0.2658195015951994,
          0.498406498283366
        ],
        "priority": 0.6614860013427735,
        "confidence": 0.92578125,
        "track_id": 3,
        "mask_area": 0.5281825086805556,
        "frame_id": 16,
        "global_pose": {
          "centroid": [
            340.24896240234375,
            358.8526916503906
          ],
          "bbox_xyxy": [
            0.0,
            0.0,
            679.0,
            719.0
          ]
        },
        "observation_history": [
          {
            "frame_id": 16,
            "priority": 0.5881799999999999,
            "centroid": [
              0.2658195015951994,
              0.498406498283366
            ],
            "confidence": 0.92578125,
            "global_centroid": [
              340.24896240234375,
              358.8526916503906
            ],
            "timestamp": 0.0
          }
        ],
        "source_region_id": "region_001_Sparse Vegetation",
        "id": "node_001"
      },
      {
        "label": "Dirt Road/Creek Bed",
        "semantic_class": "dirt_road",
        "centroid": [
          0.26917588893922473,
          0.5469854058382737
        ],
        "priority": 0.8024985827560426,
        "confidence": 0.9609375,
        "track_id": 18,
        "mask_area": 0.31676215277777775,
        "frame_id": 16,
        "global_pose": {
          "centroid": [
            344.5451354980469,
            393.8294982910156
          ],
          "bbox_xyxy": [
            0.0,
            176.0,
            679.0,
            615.0
          ]
        },
        "observation_history": [
          {
            "frame_id": 16,
            "priority": 0.76064,
            "centroid": [
              0.26917588893922473,
              0.5469854058382737
            ],
            "confidence": 0.9609375,
            "global_centroid": [
              344.5451354980469,
              393.8294982910156
            ],
            "timestamp": 0.0
          }
        ],
        "source_region_id": "region_002_Dirt Road/Creek Bed",
        "id": "node_002"
      }
    ],
    "links": [
      {
        "predicate": "connected_to",
        "tier": 1,
        "confidence": 0.91,
        "source": "node_000",
        "target": "node_002"
      },
      {
        "predicate": "occluded_by",
        "tier": 1,
        "confidence": 0.611,
        "source": "node_001",
        "target": "node_002"
      },
      {
        "predicate": "connected_to",
        "tier": 1,
        "confidence": 0.91,
        "source": "node_002",
        "target": "node_000"
      },
      {
        "predicate": "occludes",
        "tier": 1,
        "confidence": 0.611,
        "source": "node_002",
        "target": "node_001"
      }
    ]
  }
}