{
  "frame_id": 33,
  "task_prompt": "Identify vehicles and areas where you would most likely find a truck",
  "scene_summary": "An aerial view shows a residential area with rooftops, paved roads, and surrounding dry, sparsely vegetated terrain.",
  "num_objects": 3,
  "objects": [
    {
      "id": "node_000",
      "track_id": 5,
      "priority": 0.8678
    },
    {
      "id": "node_001",
      "track_id": 17,
      "priority": 0.8109
    },
    {
      "id": "node_002",
      "track_id": 30,
      "priority": 0.7666
    }
  ],
  "global_graph_nodes": 4,
  "global_graph_edges": 12,
  "graph": {
    "directed": true,
    "multigraph": false,
    "graph": {},
    "nodes": [
      {
        "label": "Paved Road Network",
        "semantic_class": "paved_road",
        "centroid": [
          0.2653297922656776,
          0.240640635892795
        ],
        "priority": 0.6955808133485318,
        "confidence": 0.89453125,
        "track_id": 5,
        "mask_area": 0.20303168402777777,
        "frame_id": 32,
        "global_pose": {
          "centroid": [
            149.67453002929688,
            -401.27069091796875
          ],
          "bbox_xyxy": [
            -179.0669403076172,
            -517.1505737304688,
            445.1691589355469,
            -285.53424072265625
          ]
        },
        "observation_history": [
          {
            "frame_id": 32,
            "priority": 0.8606800000000001,
            "centroid": [
              0.2653297922656776,
              0.240640635892795
            ],
            "confidence": 0.89453125,
            "global_centroid": [
              149.67453002929688,
              -401.27069091796875
            ],
            "timestamp": 0.0
          }
        ],
        "source_region_id": "region_000_Paved Road Network",
        "id": "node_000"
      },
      {
        "label": "Residential Buildings",
        "semantic_class": "building",
        "centroid": [
          0.7863267581776101,
          0.831521707291279
        ],
        "priority": 0.5401784297294617,
        "confidence": 0.90234375,
        "track_id": 17,
        "mask_area": 0.15846245659722222,
        "frame_id": 32,
        "global_pose": {
          "centroid": [
            749.5869750976562,
            -50.95457458496094
          ],
          "bbox_xyxy": [
            321.4940185546875,
            -299.5026550292969,
            1058.5435791015625,
            77.0009536743164
          ]
        },
        "observation_history": [
          {
            "frame_id": 32,
            "priority": 0.50654,
            "centroid": [
              0.7863267581776101,
              0.831521707291279
            ],
            "confidence": 0.90234375,
            "global_centroid": [
              749.5869750976562,
              -50.95457458496094
            ],
            "timestamp": 0.0
          }
        ],
        "source_region_id": "region_001_Residential Buildings",
        "id": "node_001"
      },
      {
        "label": "Dry/Sparse Vegetation",
        "semantic_class": "sparse_vegetation",
        "centroid": [
          0.5605982275241075,
          0.6103509718118643
        ],
        "priority": 0.48503377944755555,
        "confidence": 0.94140625,
        "track_id": 30,
        "mask_area": 0.10025933159722222,
        "frame_id": 32,
        "global_pose": {
          "centroid": [
            460.921875,
            -197.47811889648438
          ],
          "bbox_xyxy": [
            87.5565185546875,
            -352.0581359863281,
            673.1716918945312,
            -103.10974884033203
          ]
        },
        "observation_history": [
          {
            "frame_id": 32,
            "priority": 0.51996,
            "centroid": [
              0.5605982275241075,
              0.6103509718118643
            ],
            "confidence": 0.94140625,
            "global_centroid": [
              460.921875,
              -197.47811889648438
            ],
            "timestamp": 0.0
          }
        ],
        "source_region_id": "region_002_Dry/Sparse Vegetation",
        "id": "node_002"
      }
    ],
    "links": []
  }
}