{
  "frame_id": 15,
  "task_prompt": "Identify vehicles and areas where you would most likely find a truck",
  "scene_summary": "An aerial view shows a dry, sparsely vegetated field bordered by a paved road on the right.",
  "num_objects": 3,
  "objects": [
    {
      "id": "node_000",
      "track_id": 16,
      "priority": 0.9294
    },
    {
      "id": "node_001",
      "track_id": 5,
      "priority": 0.8788
    },
    {
      "id": "node_002",
      "track_id": 17,
      "priority": 0.8203
    }
  ],
  "global_graph_nodes": 4,
  "global_graph_edges": 11,
  "graph": {
    "directed": true,
    "multigraph": false,
    "graph": {},
    "nodes": [
      {
        "label": "Paved Road",
        "semantic_class": "paved_road",
        "centroid": [
          0.8787440620192101,
          0.3493273234087899
        ],
        "priority": 0.8457948527450563,
        "confidence": 0.8984375,
        "track_id": 16,
        "mask_area": 0.15092664930555555,
        "frame_id": 14,
        "global_pose": {
          "centroid": [
            884.7188720703125,
            404.1714172363281
          ],
          "bbox_xyxy": [
            520.893798828125,
            149.359375,
            1053.517822265625,
            894.17724609375
          ]
        },
        "observation_history": [
          {
            "frame_id": 14,
            "priority": 0.89764,
            "centroid": [
              0.8787440620192101,
              0.3493273234087899
            ],
            "confidence": 0.8984375,
            "global_centroid": [
              884.7188720703125,
              404.1714172363281
            ],
            "timestamp": 0.0
          }
        ],
        "source_region_id": "region_000_Paved Road",
        "id": "node_000"
      },
      {
        "label": "Sparse Vegetation Field",
        "semantic_class": "sparse_vegetation",
        "centroid": [
          0.3628995330376014,
          0.5041868355225934
        ],
        "priority": 0.669824,
        "confidence": 0.921875,
        "track_id": 5,
        "mask_area": 0.7212836371527778,
        "frame_id": 14,
        "global_pose": {
          "centroid": [
            200.43728637695312,
            501.972900390625
          ],
          "bbox_xyxy": [
            -282.28094482421875,
            143.21331787109375,
            694.2525024414062,
            879.9110717773438
          ]
        },
        "observation_history": [
          {
            "frame_id": 14,
            "priority": 0.58728,
            "centroid": [
              0.3628995330376014,
              0.5041868355225934
            ],
            "confidence": 0.921875,
            "global_centroid": [
              200.43728637695312,
              501.972900390625
            ],
            "timestamp": 0.0
          }
        ],
        "source_region_id": "region_001_Sparse Vegetation Field",
        "id": "node_001"
      },
      {
        "label": "Dirt Road/Track",
        "semantic_class": "dirt_road",
        "centroid": [
          0.32446411444561213,
          0.5466411329204993
        ],
        "priority": 0.801744,
        "confidence": 0.92578125,
        "track_id": 17,
        "mask_area": 0.19204427083333334,
        "frame_id": 14,
        "global_pose": {
          "centroid": [
            149.49171447753906,
            531.1802978515625
          ],
          "bbox_xyxy": [
            -5.3440728187561035,
            210.53619384765625,
            302.2550048828125,
            864.4935913085938
          ]
        },
        "observation_history": [
          {
            "frame_id": 14,
            "priority": 0.7521800000000001,
            "centroid": [
              0.32446411444561213,
              0.5466411329204993
            ],
            "confidence": 0.92578125,
            "global_centroid": [
              149.49171447753906,
              531.1802978515625
            ],
            "timestamp": 0.0
          }
        ],
        "source_region_id": "region_002_Dirt Road/Track",
        "id": "node_002"
      }
    ],
    "links": [
      {
        "predicate": "contains",
        "tier": 1,
        "confidence": 1.0,
        "source": "node_001",
        "target": "node_002"
      }
    ]
  }
}