{
  "frame_id": 2,
  "task_prompt": "Identify vehicles and areas where you would most likely find a truck",
  "scene_summary": "An aerial view shows a paved road intersection in a dry, sparsely vegetated, and hilly landscape.",
  "num_objects": 3,
  "objects": [
    {
      "id": "node_000",
      "track_id": 5,
      "priority": 0.9263
    },
    {
      "id": "node_001",
      "track_id": 3,
      "priority": 0.8187
    },
    {
      "id": "node_002",
      "track_id": 6,
      "priority": 0.7006
    }
  ],
  "global_graph_nodes": 5,
  "global_graph_edges": 11,
  "graph": {
    "directed": true,
    "multigraph": false,
    "graph": {},
    "nodes": [
      {
        "label": "Paved Road Intersection",
        "semantic_class": "paved_road",
        "centroid": [
          0.3410613098492427,
          0.5822859796637947
        ],
        "priority": 0.7794820629825593,
        "confidence": 0.890625,
        "track_id": 5,
        "mask_area": 0.37311631944444446,
        "frame_id": 2,
        "global_pose": {
          "centroid": [
            427.53802490234375,
            150.75811767578125
          ],
          "bbox_xyxy": [
            -10.314101219177246,
            -272.2377014160156,
            1031.16943359375,
            456.43804931640625
          ]
        },
        "observation_history": [
          {
            "frame_id": 2,
            "priority": 0.89578,
            "centroid": [
              0.3410613098492427,
              0.5822859796637947
            ],
            "confidence": 0.890625,
            "global_centroid": [
              427.53802490234375,
              150.75811767578125
            ],
            "timestamp": 0.0
          }
        ],
        "source_region_id": "region_000_Paved Road Intersection",
        "id": "node_000"
      },
      {
        "label": "Sparse Vegetation",
        "semantic_class": "sparse_vegetation",
        "centroid": [
          0.5087895400732314,
          0.4939989861805336
        ],
        "priority": 0.5137821139583588,
        "confidence": 0.921875,
        "track_id": 3,
        "mask_area": 0.9638454861111111,
        "frame_id": 2,
        "global_pose": {
          "centroid": [
            640.6975708007812,
            91.0325927734375
          ],
          "bbox_xyxy": [
            -10.314101219177246,
            -272.2377014160156,
            1259.2900390625,
            459.36260986328125
          ]
        },
        "observation_history": [
          {
            "frame_id": 2,
            "priority": 0.55122,
            "centroid": [
              0.5087895400732314,
              0.4939989861805336
            ],
            "confidence": 0.921875,
            "global_centroid": [
              640.6975708007812,
              91.0325927734375
            ],
            "timestamp": 0.0
          }
        ],
        "source_region_id": "region_001_Sparse Vegetation",
        "id": "node_001"
      },
      {
        "label": "Dirt Road",
        "semantic_class": "dirt_road",
        "centroid": [
          0.5815521645013195,
          0.4561017635086952
        ],
        "priority": 0.6302004779701234,
        "confidence": 0.8515625,
        "track_id": 6,
        "mask_area": 0.6948676215277778,
        "frame_id": 2,
        "global_pose": {
          "centroid": [
            732.8925170898438,
            65.4867172241211
          ],
          "bbox_xyxy": [
            -10.314101219177246,
            -272.2377014160156,
            1259.2900390625,
            459.36260986328125
          ]
        },
        "observation_history": [
          {
            "frame_id": 2,
            "priority": 0.6803600000000001,
            "centroid": [
              0.5815521645013195,
              0.4561017635086952
            ],
            "confidence": 0.8515625,
            "global_centroid": [
              732.8925170898438,
              65.4867172241211
            ],
            "timestamp": 0.0
          }
        ],
        "source_region_id": "region_002_Dirt Road",
        "id": "node_002"
      }
    ],
    "links": [
      {
        "predicate": "occludes",
        "tier": 1,
        "confidence": 0.818,
        "source": "node_000",
        "target": "node_001"
      },
      {
        "predicate": "occludes",
        "tier": 1,
        "confidence": 0.818,
        "source": "node_000",
        "target": "node_002"
      },
      {
        "predicate": "occluded_by",
        "tier": 1,
        "confidence": 0.818,
        "source": "node_001",
        "target": "node_000"
      },
      {
        "predicate": "occluded_by",
        "tier": 1,
        "confidence": 1.0,
        "source": "node_001",
        "target": "node_002"
      },
      {
        "predicate": "occluded_by",
        "tier": 1,
        "confidence": 0.818,
        "source": "node_002",
        "target": "node_000"
      },
      {
        "predicate": "occludes",
        "tier": 1,
        "confidence": 1.0,
        "source": "node_002",
        "target": "node_001"
      }
    ]
  }
}