{
  "frame_id": 19,
  "task_prompt": "Identify vehicles and areas where you would most likely find a truck",
  "scene_summary": "An aerial view shows a paved road running alongside a dry, sparsely vegetated area with some buildings in the upper right.",
  "num_objects": 3,
  "objects": [
    {
      "id": "node_000",
      "track_id": 17,
      "priority": 0.9419
    },
    {
      "id": "node_001",
      "track_id": 7,
      "priority": 0.8631
    },
    {
      "id": "node_002",
      "track_id": 19,
      "priority": 0.8234
    }
  ],
  "global_graph_nodes": 5,
  "global_graph_edges": 16,
  "graph": {
    "directed": true,
    "multigraph": false,
    "graph": {},
    "nodes": [
      {
        "label": "Paved Road",
        "semantic_class": "paved_road",
        "centroid": [
          0.7332215027564079,
          0.47504762142164225
        ],
        "priority": 0.7870431501979829,
        "confidence": 0.9296875,
        "track_id": 17,
        "mask_area": 0.23215711805555556,
        "frame_id": 18,
        "global_pose": {
          "centroid": [
            686.328857421875,
            491.9098815917969
          ],
          "bbox_xyxy": [
            188.46588134765625,
            146.81710815429688,
            1053.517822265625,
            894.17724609375
          ]
        },
        "observation_history": [
          {
            "frame_id": 18,
            "priority": 0.9051400000000001,
            "centroid": [
              0.7332215027564079,
              0.47504762142164225
            ],
            "confidence": 0.9296875,
            "global_centroid": [
              686.328857421875,
              491.9098815917969
            ],
            "timestamp": 0.0
          }
        ],
        "source_region_id": "region_000_Paved Road",
        "id": "node_000"
      },
      {
        "label": "Dense Vegetation",
        "semantic_class": "dense_vegetation",
        "centroid": [
          0.2159701224064213,
          0.49782005801997153
        ],
        "priority": 0.5754003670578003,
        "confidence": 0.8828125,
        "track_id": 7,
        "mask_area": 0.429140625,
        "frame_id": 18,
        "global_pose": {
          "centroid": [
            13.652900695800781,
            493.1356201171875
          ],
          "bbox_xyxy": [
            -282.28094482421875,
            143.21331787109375,
            305.60809326171875,
            864.4935913085938
          ]
        },
        "observation_history": [
          {
            "frame_id": 18,
            "priority": 0.52586,
            "centroid": [
              0.2159701224064213,
              0.49782005801997153
            ],
            "confidence": 0.8828125,
            "global_centroid": [
              13.652900695800781,
              493.1356201171875
            ],
            "timestamp": 0.0
          }
        ],
        "source_region_id": "region_001_Dense Vegetation",
        "id": "node_001"
      },
      {
        "label": "Building",
        "semantic_class": "building",
        "centroid": [
          0.8376287201666347,
          0.23837581458715726
        ],
        "priority": 0.528243296749115,
        "confidence": 0.93359375,
        "track_id": 19,
        "mask_area": 0.13557291666666665,
        "frame_id": 18,
        "global_pose": {
          "centroid": [
            831.4562377929688,
            322.6672058105469
          ],
          "bbox_xyxy": [
            601.0614013671875,
            149.85696411132812,
            1053.517822265625,
            484.468017578125
          ]
        },
        "observation_history": [
          {
            "frame_id": 18,
            "priority": 0.5140399999999999,
            "centroid": [
              0.8376287201666347,
              0.23837581458715726
            ],
            "confidence": 0.93359375,
            "global_centroid": [
              831.4562377929688,
              322.6672058105469
            ],
            "timestamp": 0.0
          }
        ],
        "source_region_id": "region_002_Building",
        "id": "node_002"
      }
    ],
    "links": [
      {
        "predicate": "contains",
        "tier": 1,
        "confidence": 1.0,
        "source": "node_000",
        "target": "node_002"
      }
    ]
  }
}