{
  "frame_id": 19,
  "task_prompt": "Identify vehicles and areas where you would most likely find a truck",
  "scene_summary": "An aerial view shows a paved road running alongside a dry, sparsely vegetated, and somewhat arid landscape with some buildings in the upper right.",
  "num_objects": 3,
  "objects": [
    {
      "id": "node_000",
      "track_id": 16,
      "priority": 0.9419
    },
    {
      "id": "node_001",
      "track_id": 5,
      "priority": 0.8694
    },
    {
      "id": "node_002",
      "track_id": 19,
      "priority": 0.825
    }
  ],
  "global_graph_nodes": 4,
  "global_graph_edges": 12,
  "graph": {
    "directed": true,
    "multigraph": false,
    "graph": {},
    "nodes": [
      {
        "label": "Paved Road",
        "semantic_class": "paved_road",
        "centroid": [
          0.7332215027564079,
          0.47504762142164225
        ],
        "priority": 0.7775189538116456,
        "confidence": 0.9296875,
        "track_id": 16,
        "mask_area": 0.23215711805555556,
        "frame_id": 18,
        "global_pose": {
          "centroid": [
            686.328857421875,
            491.9098815917969
          ],
          "bbox_xyxy": [
            188.46588134765625,
            146.81710815429688,
            1053.517822265625,
            894.17724609375
          ]
        },
        "observation_history": [
          {
            "frame_id": 18,
            "priority": 0.9051400000000001,
            "centroid": [
              0.7332215027564079,
              0.47504762142164225
            ],
            "confidence": 0.9296875,
            "global_centroid": [
              686.328857421875,
              491.9098815917969
            ],
            "timestamp": 0.0
          }
        ],
        "source_region_id": "region_000_Paved Road",
        "id": "node_000"
      },
      {
        "label": "Sparse Vegetation",
        "semantic_class": "sparse_vegetation",
        "centroid": [
          0.2154841884871103,
          0.4981938053372845
        ],
        "priority": 0.628086908542633,
        "confidence": 0.8984375,
        "track_id": 5,
        "mask_area": 0.42987087673611113,
        "frame_id": 18,
        "global_pose": {
          "centroid": [
            13.022735595703125,
            493.3866271972656
          ],
          "bbox_xyxy": [
            -282.28094482421875,
            143.21331787109375,
            305.60809326171875,
            864.4935913085938
          ]
        },
        "observation_history": [
          {
            "frame_id": 18,
            "priority": 0.5816399999999999,
            "centroid": [
              0.2154841884871103,
              0.4981938053372845
            ],
            "confidence": 0.8984375,
            "global_centroid": [
              13.022735595703125,
              493.3866271972656
            ],
            "timestamp": 0.0
          }
        ],
        "source_region_id": "region_001_Sparse Vegetation",
        "id": "node_001"
      },
      {
        "label": "Building",
        "semantic_class": "building",
        "centroid": [
          0.8369392144457051,
          0.17551335733732393
        ],
        "priority": 0.4903137202262878,
        "confidence": 0.9375,
        "track_id": 19,
        "mask_area": 0.111904296875,
        "frame_id": 18,
        "global_pose": {
          "centroid": [
            831.7949829101562,
            277.3003845214844
          ],
          "bbox_xyxy": [
            603.7740478515625,
            149.85696411132812,
            1053.517822265625,
            410.7424011230469
          ]
        },
        "observation_history": [
          {
            "frame_id": 18,
            "priority": 0.5149999999999999,
            "centroid": [
              0.8369392144457051,
              0.17551335733732393
            ],
            "confidence": 0.9375,
            "global_centroid": [
              831.7949829101562,
              277.3003845214844
            ],
            "timestamp": 0.0
          }
        ],
        "source_region_id": "region_002_Building",
        "id": "node_002"
      }
    ],
    "links": [
      {
        "predicate": "contains",
        "tier": 1,
        "confidence": 1.0,
        "source": "node_000",
        "target": "node_002"
      }
    ]
  }
}