{
  "frame_id": 3,
  "task_prompt": "Identify vehicles and areas where you would most likely find a truck",
  "scene_summary": "An aerial view shows a paved road intersection in a dry, sparsely vegetated, and hilly landscape.",
  "num_objects": 2,
  "objects": [
    {
      "id": "node_000",
      "track_id": 5,
      "priority": 0.9294
    },
    {
      "id": "node_001",
      "track_id": 3,
      "priority": 0.8741
    }
  ],
  "global_graph_nodes": 5,
  "global_graph_edges": 11,
  "graph": {
    "directed": true,
    "multigraph": false,
    "graph": {},
    "nodes": [
      {
        "label": "Paved Road Intersection",
        "semantic_class": "paved_road",
        "centroid": [
          0.3334239993677339,
          0.6588852847413468
        ],
        "priority": 0.8139876864070893,
        "confidence": 0.8984375,
        "track_id": 5,
        "mask_area": 0.3522417534722222,
        "frame_id": 2,
        "global_pose": {
          "centroid": [
            413.7281799316406,
            95.13175964355469
          ],
          "bbox_xyxy": [
            -24.85764503479004,
            -392.0352783203125,
            1214.748779296875,
            362.1315612792969
          ]
        },
        "observation_history": [
          {
            "frame_id": 2,
            "priority": 0.89764,
            "centroid": [
              0.3334239993677339,
              0.6588852847413468
            ],
            "confidence": 0.8984375,
            "global_centroid": [
              413.7281799316406,
              95.13175964355469
            ],
            "timestamp": 0.0
          }
        ],
        "source_region_id": "region_000_Paved Road Intersection",
        "id": "node_000"
      },
      {
        "label": "Sparse Vegetation",
        "semantic_class": "sparse_vegetation",
        "centroid": [
          0.4997943038426363,
          0.49864166756081024
        ],
        "priority": 0.5888595420532227,
        "confidence": 0.91015625,
        "track_id": 3,
        "mask_area": 0.9977907986111111,
        "frame_id": 2,
        "global_pose": {
          "centroid": [
            630.0763549804688,
            -16.845972061157227
          ],
          "bbox_xyxy": [
            -24.85764503479004,
            -392.0352783203125,
            1276.483642578125,
            363.44537353515625
          ]
        },
        "observation_history": [
          {
            "frame_id": 2,
            "priority": 0.58446,
            "centroid": [
              0.4997943038426363,
              0.49864166756081024
            ],
            "confidence": 0.91015625,
            "global_centroid": [
              630.0763549804688,
              -16.845972061157227
            ],
            "timestamp": 0.0
          }
        ],
        "source_region_id": "region_001_Sparse Vegetation",
        "id": "node_001"
      }
    ],
    "links": [
      {
        "predicate": "occludes",
        "tier": 1,
        "confidence": 0.952,
        "source": "node_000",
        "target": "node_001"
      },
      {
        "predicate": "occluded_by",
        "tier": 1,
        "confidence": 0.952,
        "source": "node_001",
        "target": "node_000"
      }
    ]
  }
}