{
  "frame_id": 32,
  "task_prompt": "Identify vehicles and areas where you would most likely find a truck",
  "scene_summary": "An aerial view shows a residential area with rooftops, paved roads, and surrounding dry, sparsely vegetated terrain.",
  "num_objects": 3,
  "objects": [
    {
      "id": "node_000",
      "track_id": 5,
      "priority": 0.8897
    },
    {
      "id": "node_001",
      "track_id": 17,
      "priority": 0.8344
    },
    {
      "id": "node_002",
      "track_id": 30,
      "priority": 0.7666
    }
  ],
  "global_graph_nodes": 4,
  "global_graph_edges": 12,
  "graph": {
    "directed": true,
    "multigraph": false,
    "graph": {},
    "nodes": [
      {
        "label": "Paved Road Network",
        "semantic_class": "paved_road",
        "centroid": [
          0.26515088227376943,
          0.23197315482618033
        ],
        "priority": 0.8063914721069337,
        "confidence": 0.94921875,
        "track_id": 5,
        "mask_area": 0.23379557291666667,
        "frame_id": 32,
        "global_pose": {
          "centroid": [
            84.00055694580078,
            -312.6357116699219
          ],
          "bbox_xyxy": [
            -255.2344512939453,
            -471.04022216796875,
            424.6273193359375,
            -160.88870239257812
          ]
        },
        "observation_history": [
          {
            "frame_id": 32,
            "priority": 0.87382,
            "centroid": [
              0.26515088227376943,
              0.23197315482618033
            ],
            "confidence": 0.94921875,
            "global_centroid": [
              84.00055694580078,
              -312.6357116699219
            ],
            "timestamp": 0.0
          }
        ],
        "source_region_id": "region_000_Paved Road Network",
        "id": "node_000"
      },
      {
        "label": "Residential Buildings",
        "semantic_class": "building",
        "centroid": [
          0.7607509642148798,
          0.7570091668106612
        ],
        "priority": 0.5446456069107055,
        "confidence": 0.9609375,
        "track_id": 17,
        "mask_area": 0.24071723090277777,
        "frame_id": 32,
        "global_pose": {
          "centroid": [
            702.4988403320312,
            17.1298770904541
          ],
          "bbox_xyxy": [
            316.472900390625,
            -198.69015502929688,
            1019.8441772460938,
            186.83541870117188
          ]
        },
        "observation_history": [
          {
            "frame_id": 32,
            "priority": 0.52064,
            "centroid": [
              0.7607509642148798,
              0.7570091668106612
            ],
            "confidence": 0.9609375,
            "global_centroid": [
              702.4988403320312,
              17.1298770904541
            ],
            "timestamp": 0.0
          }
        ],
        "source_region_id": "region_001_Residential Buildings",
        "id": "node_001"
      },
      {
        "label": "Dry/Sparse Vegetation",
        "semantic_class": "sparse_vegetation",
        "centroid": [
          0.489413768029108,
          0.5319087614565631
        ],
        "priority": 0.46876671821403504,
        "confidence": 0.94140625,
        "track_id": 30,
        "mask_area": 0.12450629340277777,
        "frame_id": 32,
        "global_pose": {
          "centroid": [
            357.3194274902344,
            -124.97866821289062
          ],
          "bbox_xyxy": [
            68.79489135742188,
            -255.72447204589844,
            671.4490966796875,
            26.905729293823242
          ]
        },
        "observation_history": [
          {
            "frame_id": 32,
            "priority": 0.51996,
            "centroid": [
              0.489413768029108,
              0.5319087614565631
            ],
            "confidence": 0.94140625,
            "global_centroid": [
              357.3194274902344,
              -124.97866821289062
            ],
            "timestamp": 0.0
          }
        ],
        "source_region_id": "region_002_Dry/Sparse Vegetation",
        "id": "node_002"
      }
    ],
    "links": []
  }
}