{
  "frame_id": 13,
  "task_prompt": "Identify vehicles and areas where you would most likely find a truck",
  "scene_summary": "An aerial view shows a paved road running alongside a dry, sparsely vegetated hillside.",
  "num_objects": 3,
  "objects": [
    {
      "id": "node_000",
      "track_id": 5,
      "priority": 0.9419
    },
    {
      "id": "node_001",
      "track_id": 3,
      "priority": 0.8866
    },
    {
      "id": "node_002",
      "track_id": 7,
      "priority": 0.7903
    }
  ],
  "global_graph_nodes": 5,
  "global_graph_edges": 11,
  "graph": {
    "directed": true,
    "multigraph": false,
    "graph": {},
    "nodes": [
      {
        "label": "Paved Road",
        "semantic_class": "paved_road",
        "centroid": [
          0.24373208491445292,
          0.4926176240596281
        ],
        "priority": 0.9075891871566774,
        "confidence": 0.9296875,
        "track_id": 5,
        "mask_area": 0.47209418402777775,
        "frame_id": 12,
        "global_pose": {
          "centroid": [
            100.47512817382812,
            136.41983032226562
          ],
          "bbox_xyxy": [
            -225.2201385498047,
            -206.66087341308594,
            417.98870849609375,
            506.1006164550781
          ]
        },
        "observation_history": [
          {
            "frame_id": 12,
            "priority": 0.9051400000000001,
            "centroid": [
              0.24373208491445292,
              0.4926176240596281
            ],
            "confidence": 0.9296875,
            "global_centroid": [
              100.47512817382812,
              136.41983032226562
            ],
            "timestamp": 0.0
          }
        ],
        "source_region_id": "region_000_Paved Road",
        "id": "node_000"
      },
      {
        "label": "Dry Hillside",
        "semantic_class": "sparse_vegetation",
        "centroid": [
          0.5872157561484694,
          0.49557356446078793
        ],
        "priority": 0.5973411099128724,
        "confidence": 0.94140625,
        "track_id": 3,
        "mask_area": 0.8238433159722223,
        "frame_id": 12,
        "global_pose": {
          "centroid": [
            539.7943725585938,
            151.70953369140625
          ],
          "bbox_xyxy": [
            -14.869209289550781,
            -203.53207397460938,
            1098.7276611328125,
            537.8839721679688
          ]
        },
        "observation_history": [
          {
            "frame_id": 12,
            "priority": 0.59196,
            "centroid": [
              0.5872157561484694,
              0.49557356446078793
            ],
            "confidence": 0.94140625,
            "global_centroid": [
              539.7943725585938,
              151.70953369140625
            ],
            "timestamp": 0.0
          }
        ],
        "source_region_id": "region_001_Dry Hillside",
        "id": "node_001"
      },
      {
        "label": "Dirt Road/Trail",
        "semantic_class": "dirt_road",
        "centroid": [
          0.8589525435627505,
          0.7215522494444792
        ],
        "priority": 0.784522852558136,
        "confidence": 0.92578125,
        "track_id": 7,
        "mask_area": 0.15620551215277778,
        "frame_id": 12,
        "global_pose": {
          "centroid": [
            894.45263671875,
            326.1261901855469
          ],
          "bbox_xyxy": [
            698.8726806640625,
            120.44330596923828,
            1090.6748046875,
            537.8839721679688
          ]
        },
        "observation_history": [
          {
            "frame_id": 12,
            "priority": 0.73418,
            "centroid": [
              0.8589525435627505,
              0.7215522494444792
            ],
            "confidence": 0.92578125,
            "global_centroid": [
              894.45263671875,
              326.1261901855469
            ],
            "timestamp": 0.0
          }
        ],
        "source_region_id": "region_002_Dirt Road/Trail",
        "id": "node_002"
      }
    ],
    "links": [
      {
        "predicate": "contains",
        "tier": 1,
        "confidence": 1.0,
        "source": "node_001",
        "target": "node_002"
      }
    ]
  }
}