{
  "frame_id": 14,
  "task_prompt": "Identify vehicles and areas where you would most likely find a truck",
  "scene_summary": "An aerial view shows a dry, sparsely vegetated field bordered by a paved road on the right.",
  "num_objects": 3,
  "objects": [
    {
      "id": "node_000",
      "track_id": 17,
      "priority": 0.7809
    },
    {
      "id": "node_001",
      "track_id": 3,
      "priority": 0.8725
    },
    {
      "id": "node_002",
      "track_id": 18,
      "priority": 0.8281
    }
  ],
  "global_graph_nodes": 5,
  "global_graph_edges": 11,
  "graph": {
    "directed": true,
    "multigraph": false,
    "graph": {},
    "nodes": [
      {
        "label": "Paved Road",
        "semantic_class": "paved_road",
        "centroid": [
          0.8985319781894111,
          0.2790849443833558
        ],
        "priority": 0.675868757349968,
        "confidence": 0.52734375,
        "track_id": 17,
        "mask_area": 0.09275824652777778,
        "frame_id": 14,
        "global_pose": {
          "centroid": [
            1150.1209716796875,
            200.941162109375
          ],
          "bbox_xyxy": [
            933.0,
            0.0,
            1279.0,
            598.0
          ]
        },
        "observation_history": [
          {
            "frame_id": 14,
            "priority": 0.80854,
            "centroid": [
              0.8985319781894111,
              0.2790849443833558
            ],
            "confidence": 0.52734375,
            "global_centroid": [
              1150.1209716796875,
              200.941162109375
            ],
            "timestamp": 0.0
          }
        ],
        "source_region_id": "region_000_Paved Road",
        "id": "node_000"
      },
      {
        "label": "Sparse Vegetation Field",
        "semantic_class": "sparse_vegetation",
        "centroid": [
          0.36527361618271276,
          0.4993669210076443
        ],
        "priority": 0.6650438206672669,
        "confidence": 0.90625,
        "track_id": 3,
        "mask_area": 0.7308474392361111,
        "frame_id": 14,
        "global_pose": {
          "centroid": [
            467.55023193359375,
            359.544189453125
          ],
          "bbox_xyxy": [
            0.0,
            0.0,
            935.0,
            719.0
          ]
        },
        "observation_history": [
          {
            "frame_id": 14,
            "priority": 0.5834999999999999,
            "centroid": [
              0.36527361618271276,
              0.4993669210076443
            ],
            "confidence": 0.90625,
            "global_centroid": [
              467.55023193359375,
              359.544189453125
            ],
            "timestamp": 0.0
          }
        ],
        "source_region_id": "region_001_Sparse Vegetation Field",
        "id": "node_001"
      },
      {
        "label": "Dirt Road/Track",
        "semantic_class": "dirt_road",
        "centroid": [
          0.39871201885226715,
          0.39926107576606545
        ],
        "priority": 0.7832234598045349,
        "confidence": 0.9453125,
        "track_id": 18,
        "mask_area": 0.25497504340277777,
        "frame_id": 14,
        "global_pose": {
          "centroid": [
            510.35137939453125,
            287.4679870605469
          ],
          "bbox_xyxy": [
            280.0,
            32.0,
            743.0,
            542.0
          ]
        },
        "observation_history": [
          {
            "frame_id": 14,
            "priority": 0.75686,
            "centroid": [
              0.39871201885226715,
              0.39926107576606545
            ],
            "confidence": 0.9453125,
            "global_centroid": [
              510.35137939453125,
              287.4679870605469
            ],
            "timestamp": 0.0
          }
        ],
        "source_region_id": "region_002_Dirt Road/Track",
        "id": "node_002"
      }
    ],
    "links": [
      {
        "predicate": "contains",
        "tier": 1,
        "confidence": 1.0,
        "source": "node_001",
        "target": "node_002"
      }
    ]
  }
}