{
  "frame_id": 12,
  "task_prompt": "Identify vehicles and areas where you would most likely find a truck",
  "scene_summary": "An aerial view shows a paved road running alongside a dry, sparsely vegetated hillside.",
  "num_objects": 3,
  "objects": [
    {
      "id": "node_000",
      "track_id": 5,
      "priority": 0.9372
    },
    {
      "id": "node_001",
      "track_id": 3,
      "priority": 0.885
    },
    {
      "id": "node_002",
      "track_id": 7,
      "priority": 0.7778
    }
  ],
  "global_graph_nodes": 5,
  "global_graph_edges": 11,
  "graph": {
    "directed": true,
    "multigraph": false,
    "graph": {},
    "nodes": [
      {
        "label": "Paved Road",
        "semantic_class": "paved_road",
        "centroid": [
          0.24472472627551084,
          0.49603130409551827
        ],
        "priority": 0.8023136098918915,
        "confidence": 0.91796875,
        "track_id": 5,
        "mask_area": 0.452080078125,
        "frame_id": 12,
        "global_pose": {
          "centroid": [
            76.55537414550781,
            231.09442138671875
          ],
          "bbox_xyxy": [
            -256.16192626953125,
            -111.3045425415039,
            391.9302978515625,
            601.4348754882812
          ]
        },
        "observation_history": [
          {
            "frame_id": 12,
            "priority": 0.90232,
            "centroid": [
              0.24472472627551084,
              0.49603130409551827
            ],
            "confidence": 0.91796875,
            "global_centroid": [
              76.55537414550781,
              231.09442138671875
            ],
            "timestamp": 0.0
          }
        ],
        "source_region_id": "region_000_Paved Road",
        "id": "node_000"
      },
      {
        "label": "Dry Hillside",
        "semantic_class": "sparse_vegetation",
        "centroid": [
          0.6060932136785391,
          0.4776472772742291
        ],
        "priority": 0.5926351621627808,
        "confidence": 0.9375,
        "track_id": 3,
        "mask_area": 0.7732302517361112,
        "frame_id": 12,
        "global_pose": {
          "centroid": [
            538.3019409179688,
            232.45948791503906
          ],
          "bbox_xyxy": [
            -43.87445068359375,
            -107.74095153808594,
            1061.8154296875,
            633.328369140625
          ]
        },
        "observation_history": [
          {
            "frame_id": 12,
            "priority": 0.591,
            "centroid": [
              0.6060932136785391,
              0.4776472772742291
            ],
            "confidence": 0.9375,
            "global_centroid": [
              538.3019409179688,
              232.45948791503906
            ],
            "timestamp": 0.0
          }
        ],
        "source_region_id": "region_001_Dry Hillside",
        "id": "node_001"
      },
      {
        "label": "Dirt Road/Trail",
        "semantic_class": "dirt_road",
        "centroid": [
          0.8598796396508286,
          0.7161592720075386
        ],
        "priority": 0.7564290796699524,
        "confidence": 0.89453125,
        "track_id": 7,
        "mask_area": 0.15289171006944444,
        "frame_id": 12,
        "global_pose": {
          "centroid": [
            869.3402099609375,
            415.3565673828125
          ],
          "bbox_xyxy": [
            674.4660034179688,
            213.3987579345703,
            1059.810302734375,
            633.328369140625
          ]
        },
        "observation_history": [
          {
            "frame_id": 12,
            "priority": 0.72668,
            "centroid": [
              0.8598796396508286,
              0.7161592720075386
            ],
            "confidence": 0.89453125,
            "global_centroid": [
              869.3402099609375,
              415.3565673828125
            ],
            "timestamp": 0.0
          }
        ],
        "source_region_id": "region_002_Dirt Road/Trail",
        "id": "node_002"
      }
    ],
    "links": [
      {
        "predicate": "contains",
        "tier": 1,
        "confidence": 1.0,
        "source": "node_001",
        "target": "node_002"
      }
    ]
  }
}