{
  "frame_id": 17,
  "task_prompt": "Identify vehicles and areas where you would most likely find a truck",
  "scene_summary": "An aerial view shows a dry, sparsely vegetated landscape with a paved road running alongside a dry streambed or drainage channel.",
  "num_objects": 3,
  "objects": [
    {
      "id": "node_000",
      "track_id": 12,
      "priority": 0.9341
    },
    {
      "id": "node_001",
      "track_id": 5,
      "priority": 0.8803
    },
    {
      "id": "node_002",
      "track_id": 13,
      "priority": 0.8313
    }
  ],
  "global_graph_nodes": 5,
  "global_graph_edges": 12,
  "graph": {
    "directed": true,
    "multigraph": false,
    "graph": {},
    "nodes": [
      {
        "label": "Paved Road",
        "semantic_class": "paved_road",
        "centroid": [
          0.8114184314661127,
          0.4685916008464359
        ],
        "priority": 0.7680476060800554,
        "confidence": 0.91015625,
        "track_id": 12,
        "mask_area": 0.20579210069444445,
        "frame_id": 16,
        "global_pose": {
          "centroid": [
            781.466552734375,
            205.52774047851562
          ],
          "bbox_xyxy": [
            317.9537658691406,
            -130.68280029296875,
            1034.1593017578125,
            598.2599487304688
          ]
        },
        "observation_history": [
          {
            "frame_id": 16,
            "priority": 0.90046,
            "centroid": [
              0.8114184314661127,
              0.4685916008464359
            ],
            "confidence": 0.91015625,
            "global_centroid": [
              781.466552734375,
              205.52774047851562
            ],
            "timestamp": 0.0
          }
        ],
        "source_region_id": "region_000_Paved Road",
        "id": "node_000"
      },
      {
        "label": "Sparse Vegetation",
        "semantic_class": "sparse_vegetation",
        "centroid": [
          0.2658195015951994,
          0.498406498283366
        ],
        "priority": 0.6689123705329895,
        "confidence": 0.92578125,
        "track_id": 5,
        "mask_area": 0.5281825086805556,
        "frame_id": 16,
        "global_pose": {
          "centroid": [
            73.55006408691406,
            234.60340881347656
          ],
          "bbox_xyxy": [
            -288.52386474609375,
            -116.1376724243164,
            426.7183837890625,
            596.1686401367188
          ]
        },
        "observation_history": [
          {
            "frame_id": 16,
            "priority": 0.5881799999999999,
            "centroid": [
              0.2658195015951994,
              0.498406498283366
            ],
            "confidence": 0.92578125,
            "global_centroid": [
              73.55006408691406,
              234.60340881347656
            ],
            "timestamp": 0.0
          }
        ],
        "source_region_id": "region_001_Sparse Vegetation",
        "id": "node_001"
      },
      {
        "label": "Dirt Road/Drainage",
        "semantic_class": "dirt_road",
        "centroid": [
          0.39826593832421847,
          0.44989482326170716
        ],
        "priority": 0.7368153908958435,
        "confidence": 0.953125,
        "track_id": 13,
        "mask_area": 0.27975260416666664,
        "frame_id": 16,
        "global_pose": {
          "centroid": [
            243.65496826171875,
            198.52352905273438
          ],
          "bbox_xyxy": [
            -61.54102325439453,
            -19.77128028869629,
            550.6128540039062,
            416.22296142578125
          ]
        },
        "observation_history": [
          {
            "frame_id": 16,
            "priority": 0.75878,
            "centroid": [
              0.39826593832421847,
              0.44989482326170716
            ],
            "confidence": 0.953125,
            "global_centroid": [
              243.65496826171875,
              198.52352905273438
            ],
            "timestamp": 0.0
          }
        ],
        "source_region_id": "region_002_Dirt Road/Drainage",
        "id": "node_002"
      }
    ],
    "links": [
      {
        "predicate": "connected_to",
        "tier": 1,
        "confidence": 0.91,
        "source": "node_000",
        "target": "node_002"
      },
      {
        "predicate": "contains",
        "tier": 1,
        "confidence": 0.783,
        "source": "node_001",
        "target": "node_002"
      },
      {
        "predicate": "connected_to",
        "tier": 1,
        "confidence": 0.91,
        "source": "node_002",
        "target": "node_000"
      }
    ]
  }
}