{
  "frame_id": 34,
  "task_prompt": "Identify vehicles and areas where you would most likely find a truck",
  "scene_summary": "An aerial view shows a residential area with rooftops, paved roads, and surrounding dry, sparsely vegetated terrain.",
  "num_objects": 3,
  "objects": [
    {
      "id": "node_000",
      "track_id": 31,
      "priority": 0.8303
    },
    {
      "id": "node_001",
      "track_id": 23,
      "priority": 0.7953
    },
    {
      "id": "node_002",
      "track_id": 30,
      "priority": 0.7634
    }
  ],
  "global_graph_nodes": 4,
  "global_graph_edges": 12,
  "graph": {
    "directed": true,
    "multigraph": false,
    "graph": {},
    "nodes": [
      {
        "label": "Paved Road Network",
        "semantic_class": "paved_road",
        "centroid": [
          0.37191668961168156,
          0.22175051712635646
        ],
        "priority": 0.6705441129277167,
        "confidence": 0.80078125,
        "track_id": 31,
        "mask_area": 0.061082899305555556,
        "frame_id": 32,
        "global_pose": {
          "centroid": [
            218.59902954101562,
            -79.08285522460938
          ],
          "bbox_xyxy": [
            -253.6589813232422,
            -232.2547607421875,
            427.4646911621094,
            86.26390838623047
          ]
        },
        "observation_history": [
          {
            "frame_id": 32,
            "priority": 0.83818,
            "centroid": [
              0.37191668961168156,
              0.22175051712635646
            ],
            "confidence": 0.80078125,
            "global_centroid": [
              218.59902954101562,
              -79.08285522460938
            ],
            "timestamp": 0.0
          }
        ],
        "source_region_id": "region_000_Paved Road Network",
        "id": "node_000"
      },
      {
        "label": "Residential Buildings",
        "semantic_class": "building",
        "centroid": [
          0.7439106449268839,
          0.7302314403969646
        ],
        "priority": 0.43263973597908023,
        "confidence": 0.86328125,
        "track_id": 23,
        "mask_area": 0.2531022135416667,
        "frame_id": 32,
        "global_pose": {
          "centroid": [
            684.23095703125,
            257.9935302734375
          ],
          "bbox_xyxy": [
            311.3563537597656,
            50.86978530883789,
            1034.025390625,
            451.5732421875
          ]
        },
        "observation_history": [
          {
            "frame_id": 32,
            "priority": 0.49718,
            "centroid": [
              0.7439106449268839,
              0.7302314403969646
            ],
            "confidence": 0.86328125,
            "global_centroid": [
              684.23095703125,
              257.9935302734375
            ],
            "timestamp": 0.0
          }
        ],
        "source_region_id": "region_001_Residential Buildings",
        "id": "node_001"
      },
      {
        "label": "Dry/Sparse Vegetation",
        "semantic_class": "sparse_vegetation",
        "centroid": [
          0.642220780426956,
          0.6126593735401666
        ],
        "priority": 0.4951944578475952,
        "confidence": 0.93359375,
        "track_id": 30,
        "mask_area": 0.044906684027777775,
        "frame_id": 32,
        "global_pose": {
          "centroid": [
            552.502197265625,
            177.96177673339844
          ],
          "bbox_xyxy": [
            64.35635375976562,
            -9.348306655883789,
            675.975830078125,
            282.56549072265625
          ]
        },
        "observation_history": [
          {
            "frame_id": 32,
            "priority": 0.51804,
            "centroid": [
              0.642220780426956,
              0.6126593735401666
            ],
            "confidence": 0.93359375,
            "global_centroid": [
              552.502197265625,
              177.96177673339844
            ],
            "timestamp": 0.0
          }
        ],
        "source_region_id": "region_002_Dry/Sparse Vegetation",
        "id": "node_002"
      }
    ],
    "links": []
  }
}