{
  "frame_id": 5,
  "task_prompt": "Identify vehicles and areas where you would most likely find a truck",
  "scene_summary": "An aerial view shows a paved road intersection in a dry, sparsely vegetated, and hilly landscape.",
  "num_objects": 3,
  "objects": [
    {
      "id": "node_000",
      "track_id": 5,
      "priority": 0.9341
    },
    {
      "id": "node_001",
      "track_id": 3,
      "priority": 0.8756
    },
    {
      "id": "node_002",
      "track_id": 4,
      "priority": 0.8031
    }
  ],
  "global_graph_nodes": 5,
  "global_graph_edges": 9,
  "graph": {
    "directed": true,
    "multigraph": false,
    "graph": {},
    "nodes": [
      {
        "label": "Paved Road Intersection",
        "semantic_class": "paved_road",
        "centroid": [
          0.4813114126658674,
          0.36831325617325994
        ],
        "priority": 0.8307836374931337,
        "confidence": 0.91015625,
        "track_id": 5,
        "mask_area": 0.358408203125,
        "frame_id": 2,
        "global_pose": {
          "centroid": [
            358.0892639160156,
            408.06103515625
          ],
          "bbox_xyxy": [
            -280.27679443359375,
            143.21331787109375,
            1053.517822265625,
            865.4982299804688
          ]
        },
        "observation_history": [
          {
            "frame_id": 2,
            "priority": 0.90046,
            "centroid": [
              0.4813114126658674,
              0.36831325617325994
            ],
            "confidence": 0.91015625,
            "global_centroid": [
              358.0892639160156,
              408.06103515625
            ],
            "timestamp": 0.0
          }
        ],
        "source_region_id": "region_000_Paved Road Intersection",
        "id": "node_000"
      },
      {
        "label": "Sparse Vegetation",
        "semantic_class": "sparse_vegetation",
        "centroid": [
          0.49968666455207894,
          0.4987496505138202
        ],
        "priority": 0.5572072700386048,
        "confidence": 0.9140625,
        "track_id": 3,
        "mask_area": 0.9978342013888889,
        "frame_id": 2,
        "global_pose": {
          "centroid": [
            377.5126647949219,
            502.1396179199219
          ],
          "bbox_xyxy": [
            -282.28094482421875,
            143.21331787109375,
            1053.517822265625,
            894.17724609375
          ]
        },
        "observation_history": [
          {
            "frame_id": 2,
            "priority": 0.5853600000000001,
            "centroid": [
              0.49968666455207894,
              0.4987496505138202
            ],
            "confidence": 0.9140625,
            "global_centroid": [
              377.5126647949219,
              502.1396179199219
            ],
            "timestamp": 0.0
          }
        ],
        "source_region_id": "region_001_Sparse Vegetation",
        "id": "node_001"
      },
      {
        "label": "Dirt Road",
        "semantic_class": "dirt_road",
        "centroid": [
          0.16650796625347125,
          0.17595143388649648
        ],
        "priority": 0.6801747899894715,
        "confidence": 0.8828125,
        "track_id": 4,
        "mask_area": 0.10784288194444444,
        "frame_id": 2,
        "global_pose": {
          "centroid": [
            -33.93409729003906,
            266.2474060058594
          ],
          "bbox_xyxy": [
            -248.46218872070312,
            143.21331787109375,
            178.86093139648438,
            394.3756408691406
          ]
        },
        "observation_history": [
          {
            "frame_id": 2,
            "priority": 0.74186,
            "centroid": [
              0.16650796625347125,
              0.17595143388649648
            ],
            "confidence": 0.8828125,
            "global_centroid": [
              -33.93409729003906,
              266.2474060058594
            ],
            "timestamp": 0.0
          }
        ],
        "source_region_id": "region_002_Dirt Road",
        "id": "node_002"
      }
    ],
    "links": [
      {
        "predicate": "occludes",
        "tier": 1,
        "confidence": 0.962,
        "source": "node_000",
        "target": "node_001"
      },
      {
        "predicate": "connected_to",
        "tier": 1,
        "confidence": 0.883,
        "source": "node_000",
        "target": "node_002"
      },
      {
        "predicate": "occluded_by",
        "tier": 1,
        "confidence": 0.962,
        "source": "node_001",
        "target": "node_000"
      },
      {
        "predicate": "contains",
        "tier": 1,
        "confidence": 1.0,
        "source": "node_001",
        "target": "node_002"
      },
      {
        "predicate": "connected_to",
        "tier": 1,
        "confidence": 0.883,
        "source": "node_002",
        "target": "node_000"
      }
    ]
  }
}