{
  "frame_id": 4,
  "task_prompt": "Identify vehicles and areas where you would most likely find a truck",
  "scene_summary": "An aerial view shows a paved road intersection in a dry, sparsely vegetated, and hilly landscape.",
  "num_objects": 3,
  "objects": [
    {
      "id": "node_000",
      "track_id": 5,
      "priority": 0.9325
    },
    {
      "id": "node_001",
      "track_id": 3,
      "priority": 0.8741
    },
    {
      "id": "node_002",
      "track_id": 4,
      "priority": 0.7719
    }
  ],
  "global_graph_nodes": 5,
  "global_graph_edges": 9,
  "graph": {
    "directed": true,
    "multigraph": false,
    "graph": {},
    "nodes": [
      {
        "label": "Paved Road Intersection",
        "semantic_class": "paved_road",
        "centroid": [
          0.4644862065073806,
          0.26588980635384885
        ],
        "priority": 0.837453319644928,
        "confidence": 0.90625,
        "track_id": 5,
        "mask_area": 0.2686002604166667,
        "frame_id": 2,
        "global_pose": {
          "centroid": [
            339.8839416503906,
            334.7955322265625
          ],
          "bbox_xyxy": [
            -267.46978759765625,
            143.21331787109375,
            1053.517822265625,
            682.3214111328125
          ]
        },
        "observation_history": [
          {
            "frame_id": 2,
            "priority": 0.8995,
            "centroid": [
              0.4644862065073806,
              0.26588980635384885
            ],
            "confidence": 0.90625,
            "global_centroid": [
              339.8839416503906,
              334.7955322265625
            ],
            "timestamp": 0.0
          }
        ],
        "source_region_id": "region_000_Paved Road Intersection",
        "id": "node_000"
      },
      {
        "label": "Sparse Vegetation",
        "semantic_class": "sparse_vegetation",
        "centroid": [
          0.49969069152131346,
          0.4987852894301347
        ],
        "priority": 0.5610678214244842,
        "confidence": 0.91015625,
        "track_id": 3,
        "mask_area": 0.9980154079861111,
        "frame_id": 2,
        "global_pose": {
          "centroid": [
            377.5166931152344,
            502.1654052734375
          ],
          "bbox_xyxy": [
            -282.28094482421875,
            143.21331787109375,
            1053.517822265625,
            894.17724609375
          ]
        },
        "observation_history": [
          {
            "frame_id": 2,
            "priority": 0.58446,
            "centroid": [
              0.49969069152131346,
              0.4987852894301347
            ],
            "confidence": 0.91015625,
            "global_centroid": [
              377.5166931152344,
              502.1654052734375
            ],
            "timestamp": 0.0
          }
        ],
        "source_region_id": "region_001_Sparse Vegetation",
        "id": "node_001"
      },
      {
        "label": "Dirt Road",
        "semantic_class": "dirt_road",
        "centroid": [
          0.16821064403017377,
          0.18484665592131963
        ],
        "priority": 0.6396376957054138,
        "confidence": 0.8046875,
        "track_id": 4,
        "mask_area": 0.10277560763888889,
        "frame_id": 2,
        "global_pose": {
          "centroid": [
            -32.21664810180664,
            272.4483642578125
          ],
          "bbox_xyxy": [
            -248.46218872070312,
            143.21331787109375,
            178.86093139648438,
            394.3756408691406
          ]
        },
        "observation_history": [
          {
            "frame_id": 2,
            "priority": 0.72314,
            "centroid": [
              0.16821064403017377,
              0.18484665592131963
            ],
            "confidence": 0.8046875,
            "global_centroid": [
              -32.21664810180664,
              272.4483642578125
            ],
            "timestamp": 0.0
          }
        ],
        "source_region_id": "region_002_Dirt Road",
        "id": "node_002"
      }
    ],
    "links": [
      {
        "predicate": "occludes",
        "tier": 1,
        "confidence": 0.72,
        "source": "node_000",
        "target": "node_001"
      },
      {
        "predicate": "connected_to",
        "tier": 1,
        "confidence": 0.805,
        "source": "node_000",
        "target": "node_002"
      },
      {
        "predicate": "occluded_by",
        "tier": 1,
        "confidence": 0.72,
        "source": "node_001",
        "target": "node_000"
      },
      {
        "predicate": "contains",
        "tier": 1,
        "confidence": 1.0,
        "source": "node_001",
        "target": "node_002"
      },
      {
        "predicate": "connected_to",
        "tier": 1,
        "confidence": 0.805,
        "source": "node_002",
        "target": "node_000"
      }
    ]
  }
}