{
  "frame_id": 15,
  "task_prompt": "Identify vehicles and areas where you would most likely find a truck",
  "scene_summary": "An aerial view shows a dry, sparsely vegetated field bordered by a paved road on the right.",
  "num_objects": 3,
  "objects": [
    {
      "id": "node_000",
      "track_id": 12,
      "priority": 0.9294
    },
    {
      "id": "node_001",
      "track_id": 5,
      "priority": 0.8741
    },
    {
      "id": "node_002",
      "track_id": 13,
      "priority": 0.8094
    }
  ],
  "global_graph_nodes": 5,
  "global_graph_edges": 12,
  "graph": {
    "directed": true,
    "multigraph": false,
    "graph": {},
    "nodes": [
      {
        "label": "Paved Road",
        "semantic_class": "paved_road",
        "centroid": [
          0.8787440620192101,
          0.3493273234087899
        ],
        "priority": 0.7968008837814332,
        "confidence": 0.8984375,
        "track_id": 12,
        "mask_area": 0.15092664930555555,
        "frame_id": 14,
        "global_pose": {
          "centroid": [
            884.7188720703125,
            404.1714172363281
          ],
          "bbox_xyxy": [
            520.893798828125,
            149.359375,
            1053.517822265625,
            894.17724609375
          ]
        },
        "observation_history": [
          {
            "frame_id": 14,
            "priority": 0.89764,
            "centroid": [
              0.8787440620192101,
              0.3493273234087899
            ],
            "confidence": 0.8984375,
            "global_centroid": [
              884.7188720703125,
              404.1714172363281
            ],
            "timestamp": 0.0
          }
        ],
        "source_region_id": "region_000_Paved Road",
        "id": "node_000"
      },
      {
        "label": "Sparse Vegetation Field",
        "semantic_class": "sparse_vegetation",
        "centroid": [
          0.3401592214825381,
          0.4995683905971744
        ],
        "priority": 0.6623684722595214,
        "confidence": 0.91015625,
        "track_id": 5,
        "mask_area": 0.6804546440972222,
        "frame_id": 14,
        "global_pose": {
          "centroid": [
            171.47154235839844,
            498.0003662109375
          ],
          "bbox_xyxy": [
            -282.28094482421875,
            143.21331787109375,
            628.5862426757812,
            877.3049926757812
          ]
        },
        "observation_history": [
          {
            "frame_id": 14,
            "priority": 0.58446,
            "centroid": [
              0.3401592214825381,
              0.4995683905971744
            ],
            "confidence": 0.91015625,
            "global_centroid": [
              171.47154235839844,
              498.0003662109375
            ],
            "timestamp": 0.0
          }
        ],
        "source_region_id": "region_001_Sparse Vegetation Field",
        "id": "node_001"
      },
      {
        "label": "Dirt Road/Track",
        "semantic_class": "dirt_road",
        "centroid": [
          0.3244568751052661,
          0.4994989566958604
        ],
        "priority": 0.7956381124610902,
        "confidence": 0.8984375,
        "track_id": 13,
        "mask_area": 0.19327256944444443,
        "frame_id": 14,
        "global_pose": {
          "centroid": [
            151.39129638671875,
            497.4897766113281
          ],
          "bbox_xyxy": [
            -3.3185458183288574,
            175.9715118408203,
            304.0325622558594,
            831.6337280273438
          ]
        },
        "observation_history": [
          {
            "frame_id": 14,
            "priority": 0.74564,
            "centroid": [
              0.3244568751052661,
              0.4994989566958604
            ],
            "confidence": 0.8984375,
            "global_centroid": [
              151.39129638671875,
              497.4897766113281
            ],
            "timestamp": 0.0
          }
        ],
        "source_region_id": "region_002_Dirt Road/Track",
        "id": "node_002"
      }
    ],
    "links": [
      {
        "predicate": "contains",
        "tier": 1,
        "confidence": 1.0,
        "source": "node_001",
        "target": "node_002"
      },
      {
        "predicate": "spatially_adjacent",
        "tier": 1,
        "confidence": 0.686,
        "source": "node_002",
        "target": "node_001"
      }
    ]
  }
}