{
  "frame_id": 2,
  "task_prompt": "Identify vehicles and areas where you would most likely find a truck",
  "scene_summary": "An aerial view shows a paved road intersection in a dry, sparsely vegetated, and hilly landscape.",
  "num_objects": 3,
  "objects": [
    {
      "id": "node_000",
      "track_id": 0,
      "priority": 0.9263
    },
    {
      "id": "node_001",
      "track_id": 3,
      "priority": 0.8756
    },
    {
      "id": "node_002",
      "track_id": 4,
      "priority": 0.8156
    }
  ],
  "global_graph_nodes": 5,
  "global_graph_edges": 9,
  "graph": {
    "directed": true,
    "multigraph": false,
    "graph": {},
    "nodes": [
      {
        "label": "Paved Road Intersection",
        "semantic_class": "paved_road",
        "centroid": [
          0.3410613098492427,
          0.5822859796637947
        ],
        "priority": 0.8260675930252076,
        "confidence": 0.890625,
        "track_id": 0,
        "mask_area": 0.37311631944444446,
        "frame_id": 2,
        "global_pose": {
          "centroid": [
            427.53802490234375,
            150.75811767578125
          ],
          "bbox_xyxy": [
            -10.314101219177246,
            -272.2377014160156,
            1031.16943359375,
            456.43804931640625
          ]
        },
        "observation_history": [
          {
            "frame_id": 2,
            "priority": 0.89578,
            "centroid": [
              0.3410613098492427,
              0.5822859796637947
            ],
            "confidence": 0.890625,
            "global_centroid": [
              427.53802490234375,
              150.75811767578125
            ],
            "timestamp": 0.0
          }
        ],
        "source_region_id": "region_000_Paved Road Intersection",
        "id": "node_000"
      },
      {
        "label": "Sparse Vegetation",
        "semantic_class": "sparse_vegetation",
        "centroid": [
          0.4992711362292339,
          0.49801943136342935
        ],
        "priority": 0.6158022598152162,
        "confidence": 0.9140625,
        "track_id": 3,
        "mask_area": 0.9953993055555556,
        "frame_id": 2,
        "global_pose": {
          "centroid": [
            628.62890625,
            93.70982360839844
          ],
          "bbox_xyxy": [
            -10.314101219177246,
            -272.2377014160156,
            1259.2900390625,
            459.36260986328125
          ]
        },
        "observation_history": [
          {
            "frame_id": 2,
            "priority": 0.5853600000000001,
            "centroid": [
              0.4992711362292339,
              0.49801943136342935
            ],
            "confidence": 0.9140625,
            "global_centroid": [
              628.62890625,
              93.70982360839844
            ],
            "timestamp": 0.0
          }
        ],
        "source_region_id": "region_001_Sparse Vegetation",
        "id": "node_001"
      },
      {
        "label": "Dirt Road",
        "semantic_class": "dirt_road",
        "centroid": [
          0.16882424152848213,
          0.17507538416244042
        ],
        "priority": 0.7482126870994568,
        "confidence": 0.9140625,
        "track_id": 4,
        "mask_area": 0.11425130208333334,
        "frame_id": 2,
        "global_pose": {
          "centroid": [
            210.74542236328125,
            -143.49520874023438
          ],
          "bbox_xyxy": [
            -5.791082382202148,
            -272.2377014160156,
            417.08819580078125,
            -12.286938667297363
          ]
        },
        "observation_history": [
          {
            "frame_id": 2,
            "priority": 0.74936,
            "centroid": [
              0.16882424152848213,
              0.17507538416244042
            ],
            "confidence": 0.9140625,
            "global_centroid": [
              210.74542236328125,
              -143.49520874023438
            ],
            "timestamp": 0.0
          }
        ],
        "source_region_id": "region_002_Dirt Road",
        "id": "node_002"
      }
    ],
    "links": [
      {
        "predicate": "occludes",
        "tier": 1,
        "confidence": 0.818,
        "source": "node_000",
        "target": "node_001"
      },
      {
        "predicate": "connected_to",
        "tier": 1,
        "confidence": 0.891,
        "source": "node_000",
        "target": "node_002"
      },
      {
        "predicate": "occluded_by",
        "tier": 1,
        "confidence": 0.818,
        "source": "node_001",
        "target": "node_000"
      },
      {
        "predicate": "contains",
        "tier": 1,
        "confidence": 1.0,
        "source": "node_001",
        "target": "node_002"
      },
      {
        "predicate": "connected_to",
        "tier": 1,
        "confidence": 0.891,
        "source": "node_002",
        "target": "node_000"
      }
    ]
  }
}